	6230161	99.0445
CCACT	7767	0.123477
GCCAA	5858	0.093128
TTCGG	4750	0.0755135
TTGCC	3182	0.0505861
GTAGT	3053	0.0485353
CAAGC	1884	0.029951
TACGT	1757	0.0279321
TGAAG	1724	0.0274074
CCAGA	1655	0.0263105
CTGTC	1303	0.0207146
TATGC	1298	0.0206351
TATCG	1030	0.0163745
GTGAC	946	0.0150391
TGACT	939	0.0149278
GCATT	880	0.0139899
TGTTG	854	0.0135765
GTAAG	810	0.012877
TAGTC	742	0.011796
CGTAT	726	0.0115416
CCTTG	628	0.00998368
CTTCT	615	0.00977701
CTCAC	556	0.00883906
CCTCA	533	0.00847341
GTCAT	519	0.00825085
TTAGC	515	0.00818726
TTGTG	515	0.00818726
TGACG	509	0.00809187
CGAAC	433	0.00688365
TGCTA	423	0.00672468
TGTCC	417	0.00662929
CACTC	415	0.0065975
TTACG	394	0.00626365
GCTAT	384	0.00610467
CCATC	370	0.00588211
TCCAC	360	0.00572313
TCTTC	346	0.00550056
CCGTT	343	0.00545287
CGACC	317	0.00503953
CTCCA	301	0.00478517
TCACC	286	0.00454671
CACCT	279	0.00443543
TCTGG	268	0.00426055
CCAGT	255	0.00405388
CTCTT	249	0.0039585
TCCGA	244	0.00387901
TACCA	224	0.00356106
CGGTA	222	0.00352926
CCACA	217	0.00344978
TCGTA	205	0.003259
GTATC	203	0.00322721
TACTG	203	0.00322721
GTTCC	196	0.00311593
CTGAT	195	0.00310003
CAGTG	191	0.00303644
TAAGG	188	0.00298875
TTGGT	188	0.00298875
TGCAT	182	0.00289336
CTTGC	179	0.00284567
CATCC	177	0.00281387
CGCAA	163	0.00259131
CATGG	162	0.00257541
GCCAC	153	0.00243233
GCTTA	127	0.00201899
CGTTC	125	0.0019872
TCCCC	125	0.0019872
GTCTG	122	0.00193951
TTCCT	122	0.00193951
TCCTT	120	0.00190771
GTCGA	111	0.00176463
TAGGA	105	0.00166925
CTCCC	104	0.00165335
TCAGT	102	0.00162155
CTACC	101	0.00160566
CAGAC	99	0.00157386
GTGCA	99	0.00157386
TTCTC	95	0.00151027
CCAAG	94	0.00149437
TCGAT	93	0.00147848
CACAG	92	0.00146258
GTTGG	91	0.00144668
CCTAC	90	0.00143078
CAACG	86	0.00136719
TCTCT	80	0.00127181
CCTGT	79	0.00125591
TAGAG	77	0.00122411
TGAGA	75	0.00119232
CGACA	73	0.00116052
CACGA	72	0.00114463
CTGGA	71	0.00112873
GCCCA	71	0.00112873
TAGCT	63	0.00100155
CG	62	0.00098565
TGATC	55	0.000874367
TGGCA	53	0.000842572
TGGTT	53	0.000842572
GTGTT	51	0.000810777
CCCCT	47	0.000747186
CAGGT	44	0.000699494
CTATG	44	0.000699494
CCGAA	41	0.000651801
CGTGA	39	0.000620006
CCACG	35	0.000556415
CCACC	29	0.00046103
GCACT	29	0.00046103
CCAGC	28	0.000445132
TACGA	28	0.000445132
TTAGG	28	0.000445132
GGATA	27	0.000429235
TAGTT	25	0.00039744
TCACT	25	0.00039744
TCCGG	25	0.00039744
GCCGA	24	0.000381542
TGAGT	24	0.000381542
CTGCC	23	0.000365644
TCGCT	23	0.000365644
GTAGA	22	0.000349747
TGCCT	21	0.000333849
CCATT	20	0.000317952
CCTCT	20	0.000317952
TGACA	20	0.000317952
CCGCT	19	0.000302054
CGCCA	19	0.000302054
GGAGT	19	0.000302054
GTGTC	19	0.000302054
CGACT	17	0.000270259
CGATT	17	0.000270259
TGCTT	17	0.000270259
TGGCT	17	0.000270259
CGTCT	16	0.000254361
GGATT	16	0.000254361
TGTGT	16	0.000254361
CACCA	15	0.000238464
CAGCA	15	0.000238464
TCGCC	15	0.000238464
CGTAA	14	0.000222566
GCCAG	14	0.000222566
CCTCC	13	0.000206669
CTCGG	13	0.000206669
TCATG	13	0.000206669
TG	13	0.000206669
TGATT	13	0.000206669
CGAAG	12	0.000190771
GCCTA	12	0.000190771
GCTAA	12	0.000190771
GCTTT	12	0.000190771
GTCAA	12	0.000190771
TACGC	12	0.000190771
CAGTC	11	0.000174873
CCGTC	11	0.000174873
CTACT	11	0.000174873
TAGGT	11	0.000174873
ATCGG	10	0.000158976
CCAAA	10	0.000158976
CCCCA	10	0.000158976
CCCTC	10	0.000158976
CCGGA	10	0.000158976
GCATA	10	0.000158976
TTCAG	10	0.000158976
TTGC	10	0.000158976
CACGT	9	0.000143078
GTCGC	9	0.000143078
GTCGT	9	0.000143078
GTCTT	9	0.000143078
TTCCC	9	0.000143078
AACGT	8	0.000127181
CATCT	8	0.000127181
GCAGT	8	0.000127181
TA	8	0.000127181
TGCGT	8	0.000127181
TGGCC	8	0.000127181
TGTCT	8	0.000127181
TTTGG	8	0.000127181
CC	7	0.000111283
CCGTA	7	0.000111283
CGGTT	7	0.000111283
CTTCA	7	0.000111283
GCAAA	7	0.000111283
GGCAA	7	0.000111283
GTAAT	7	0.000111283
GTCAC	7	0.000111283
GTTGT	7	0.000111283
TATGA	7	0.000111283
TGAGG	7	0.000111283
TGGAG	7	0.000111283
TTGTC	7	0.000111283
ACACT	6	9.53855e-05
ACGTA	6	9.53855e-05
CCAGG	6	9.53855e-05
CCCAG	6	9.53855e-05
CGAGC	6	9.53855e-05
CTAGC	6	9.53855e-05
CTGAA	6	9.53855e-05
GCCCC	6	9.53855e-05
GCGAA	6	9.53855e-05
GGAAG	6	9.53855e-05
GTGGT	6	9.53855e-05
T	6	9.53855e-05
TATCC	6	9.53855e-05
TCCTA	6	9.53855e-05
TGCAA	6	9.53855e-05
TGCTG	6	9.53855e-05
ACCAA	5	7.94879e-05
CAACT	5	7.94879e-05
CACT	5	7.94879e-05
CATGC	5	7.94879e-05
CCCTG	5	7.94879e-05
CCGAT	5	7.94879e-05
CCGCA	5	7.94879e-05
CCGTG	5	7.94879e-05
GCCAT	5	7.94879e-05
GGTAT	5	7.94879e-05
GTAGC	5	7.94879e-05
GTAGG	5	7.94879e-05
GTATG	5	7.94879e-05
TAAGC	5	7.94879e-05
TCTCG	5	7.94879e-05
TGTAG	5	7.94879e-05
TGTCG	5	7.94879e-05
TTACC	5	7.94879e-05
TTCCG	5	7.94879e-05
TTGGG	5	7.94879e-05
CACCC	4	6.35903e-05
CACTG	4	6.35903e-05
CACTT	4	6.35903e-05
CAGGC	4	6.35903e-05
CCAT	4	6.35903e-05
CCATA	4	6.35903e-05
CCCAC	4	6.35903e-05
CCCGA	4	6.35903e-05
CCTAG	4	6.35903e-05
CCTCG	4	6.35903e-05
CCTGG	4	6.35903e-05
CGCAT	4	6.35903e-05
CTCCT	4	6.35903e-05
CTGAC	4	6.35903e-05
CTGTA	4	6.35903e-05
CTTCC	4	6.35903e-05
CTTTC	4	6.35903e-05
GAAGT	4	6.35903e-05
GCCA	4	6.35903e-05
GCTCA	4	6.35903e-05
GTCAG	4	6.35903e-05
GTGCC	4	6.35903e-05
GTTGC	4	6.35903e-05
TAAGT	4	6.35903e-05
TACGG	4	6.35903e-05
TACTC	4	6.35903e-05
TAGCC	4	6.35903e-05
TCCGT	4	6.35903e-05
TCGAA	4	6.35903e-05
TCGTG	4	6.35903e-05
TTCGA	4	6.35903e-05
TTCTG	4	6.35903e-05
A	3	4.76928e-05
ACACA	3	4.76928e-05
ATGCC	3	4.76928e-05
CAAAC	3	4.76928e-05
CAACC	3	4.76928e-05
CCAA	3	4.76928e-05
CCAAT	3	4.76928e-05
CCAC	3	4.76928e-05
CCTGA	3	4.76928e-05
CGAGA	3	4.76928e-05
CGCGA	3	4.76928e-05
CGCTA	3	4.76928e-05
CGTAC	3	4.76928e-05
CGTTG	3	4.76928e-05
CTCTC	3	4.76928e-05
CTGGT	3	4.76928e-05
CTGTG	3	4.76928e-05
CTGTT	3	4.76928e-05
GAAGC	3	4.76928e-05
GCAAT	3	4.76928e-05
GCATC	3	4.76928e-05
GCCCT	3	4.76928e-05
GCCTT	3	4.76928e-05
GCGTT	3	4.76928e-05
GGAAC	3	4.76928e-05
GGAGA	3	4.76928e-05
GTAAC	3	4.76928e-05
GTACG	3	4.76928e-05
GTAT	3	4.76928e-05
GTATT	3	4.76928e-05
GTCCC	3	4.76928e-05
GTGAG	3	4.76928e-05
GTGG	3	4.76928e-05
GTTCT	3	4.76928e-05
TAACG	3	4.76928e-05
TACCG	3	4.76928e-05
TAGTG	3	4.76928e-05
TATCA	3	4.76928e-05
TATTG	3	4.76928e-05
TGAAA	3	4.76928e-05
TGAAC	3	4.76928e-05
TGACC	3	4.76928e-05
TGGTC	3	4.76928e-05
TTCGT	3	4.76928e-05
TTGCG	3	4.76928e-05
TTGCT	3	4.76928e-05
TTTCC	3	4.76928e-05
TTTGC	3	4.76928e-05
AAAGC	2	3.17952e-05
AAGTC	2	3.17952e-05
AATGC	2	3.17952e-05
ACAGA	2	3.17952e-05
ACCGA	2	3.17952e-05
AGAAG	2	3.17952e-05
AGCAT	2	3.17952e-05
ATGAC	2	3.17952e-05
ATGTC	2	3.17952e-05
C	2	3.17952e-05
CAAGG	2	3.17952e-05
CAATG	2	3.17952e-05
CACAC	2	3.17952e-05
CACCG	2	3.17952e-05
CAGGA	2	3.17952e-05
CATAT	2	3.17952e-05
CATCA	2	3.17952e-05
CATCG	2	3.17952e-05
CCCCG	2	3.17952e-05
CCTAA	2	3.17952e-05
CCTGC	2	3.17952e-05
CCTTC	2	3.17952e-05
CGAAA	2	3.17952e-05
CGACG	2	3.17952e-05
CGGAA	2	3.17952e-05
CGGAC	2	3.17952e-05
CGGTC	2	3.17952e-05
CGTCA	2	3.17952e-05
CGTCC	2	3.17952e-05
CGTGT	2	3.17952e-05
CT	2	3.17952e-05
CTATC	2	3.17952e-05
CTCAA	2	3.17952e-05
CTCTA	2	3.17952e-05
CTGCA	2	3.17952e-05
CTTGA	2	3.17952e-05
GAAAG	2	3.17952e-05
GACAA	2	3.17952e-05
GACCA	2	3.17952e-05
GACT	2	3.17952e-05
GAGGT	2	3.17952e-05
GCAAG	2	3.17952e-05
GCACA	2	3.17952e-05
GCCTC	2	3.17952e-05
GCGCA	2	3.17952e-05
GCTAC	2	3.17952e-05
GGACT	2	3.17952e-05
GGCAT	2	3.17952e-05
GGCCA	2	3.17952e-05
GTAAA	2	3.17952e-05
GTACT	2	3.17952e-05
GTATA	2	3.17952e-05
GTGAT	2	3.17952e-05
GTGGC	2	3.17952e-05
GTTAG	2	3.17952e-05
GTTTG	2	3.17952e-05
TAGAC	2	3.17952e-05
TAGGG	2	3.17952e-05
TAGTA	2	3.17952e-05
TATCT	2	3.17952e-05
TATGG	2	3.17952e-05
TATTC	2	3.17952e-05
TCAGA	2	3.17952e-05
TCAGC	2	3.17952e-05
TCATC	2	3.17952e-05
TCCAA	2	3.17952e-05
TCCTC	2	3.17952e-05
TCGCA	2	3.17952e-05
TCGTC	2	3.17952e-05
TCTAG	2	3.17952e-05
TGA	2	3.17952e-05
TGATG	2	3.17952e-05
TGCAG	2	3.17952e-05
TGCCA	2	3.17952e-05
TGCCC	2	3.17952e-05
TGCGG	2	3.17952e-05
TGTAT	2	3.17952e-05
TGTGC	2	3.17952e-05
TGTTC	2	3.17952e-05
TTAAC	2	3.17952e-05
TTCGC	2	3.17952e-05
TTGGC	2	3.17952e-05
TTTCG	2	3.17952e-05
TTTCT	2	3.17952e-05
AAACA	1	1.58976e-05
AAAGG	1	1.58976e-05
AAGAC	1	1.58976e-05
ACACC	1	1.58976e-05
ACCAC	1	1.58976e-05
ACTAA	1	1.58976e-05
ACTAT	1	1.58976e-05
ACTGG	1	1.58976e-05
AGAAA	1	1.58976e-05
AGACT	1	1.58976e-05
AGTAG	1	1.58976e-05
AGTCC	1	1.58976e-05
ATAAG	1	1.58976e-05
ATACA	1	1.58976e-05
ATAGG	1	1.58976e-05
ATAGT	1	1.58976e-05
ATATC	1	1.58976e-05
ATCGA	1	1.58976e-05
ATGTG	1	1.58976e-05
CA	1	1.58976e-05
CAAC	1	1.58976e-05
CAACA	1	1.58976e-05
CAAGT	1	1.58976e-05
CAAT	1	1.58976e-05
CACAT	1	1.58976e-05
CACTA	1	1.58976e-05
CAGA	1	1.58976e-05
CAGTT	1	1.58976e-05
CATGA	1	1.58976e-05
CCAAC	1	1.58976e-05
CCATG	1	1.58976e-05
CCCAA	1	1.58976e-05
CCCAT	1	1.58976e-05
CCCCC	1	1.58976e-05
CCCGT	1	1.58976e-05
CCCT	1	1.58976e-05
CCCTA	1	1.58976e-05
CCCTT	1	1.58976e-05
CCTAT	1	1.58976e-05
CGAAT	1	1.58976e-05
CGCAG	1	1.58976e-05
CGCTC	1	1.58976e-05
CGCTT	1	1.58976e-05
CGG	1	1.58976e-05
CGGCC	1	1.58976e-05
CGGGT	1	1.58976e-05
CGTTT	1	1.58976e-05
CTAAA	1	1.58976e-05
CTACA	1	1.58976e-05
CTAGA	1	1.58976e-05
CTAGG	1	1.58976e-05
CTAGT	1	1.58976e-05
CTATT	1	1.58976e-05
CTC	1	1.58976e-05
CTCAT	1	1.58976e-05
CTTAC	1	1.58976e-05
G	1	1.58976e-05
GAAAT	1	1.58976e-05
GAGTA	1	1.58976e-05
GAGTG	1	1.58976e-05
GATCC	1	1.58976e-05
GATCG	1	1.58976e-05
GATGG	1	1.58976e-05
GCACC	1	1.58976e-05
GCAGA	1	1.58976e-05
GCGAC	1	1.58976e-05
GCTCC	1	1.58976e-05
GCTTG	1	1.58976e-05
GGAAA	1	1.58976e-05
GGATC	1	1.58976e-05
GGCAC	1	1.58976e-05
GGGAC	1	1.58976e-05
GGGCT	1	1.58976e-05
GGTAC	1	1.58976e-05
GGTCT	1	1.58976e-05
GGTTC	1	1.58976e-05
GGTTG	1	1.58976e-05
GT	1	1.58976e-05
GTCCA	1	1.58976e-05
GTCTA	1	1.58976e-05
GTGGA	1	1.58976e-05
GTGTA	1	1.58976e-05
GTTAC	1	1.58976e-05
GTTAT	1	1.58976e-05
GTTCA	1	1.58976e-05
GTTCG	1	1.58976e-05
GTTGA	1	1.58976e-05
TAAAG	1	1.58976e-05
TAACA	1	1.58976e-05
TAAGA	1	1.58976e-05
TAATG	1	1.58976e-05
TACAG	1	1.58976e-05
TACAT	1	1.58976e-05
TACCT	1	1.58976e-05
TACTA	1	1.58976e-05
TAGAT	1	1.58976e-05
TAGG	1	1.58976e-05
TAGGC	1	1.58976e-05
TCACA	1	1.58976e-05
TCAGG	1	1.58976e-05
TCCAT	1	1.58976e-05
TCCCA	1	1.58976e-05
TCGGA	1	1.58976e-05
TCGTT	1	1.58976e-05
TCTCA	1	1.58976e-05
TCTCC	1	1.58976e-05
TGAC	1	1.58976e-05
TGATA	1	1.58976e-05
TGCCG	1	1.58976e-05
TGGAT	1	1.58976e-05
TGGTA	1	1.58976e-05
TGTC	1	1.58976e-05
TGTCA	1	1.58976e-05
TGTGA	1	1.58976e-05
TGTTT	1	1.58976e-05
TTAGA	1	1.58976e-05
TTAGT	1	1.58976e-05
TTATG	1	1.58976e-05
TTCA	1	1.58976e-05
TTCAA	1	1.58976e-05
TTCAT	1	1.58976e-05
TTCCA	1	1.58976e-05
TTCTA	1	1.58976e-05
TTG	1	1.58976e-05
TTGAC	1	1.58976e-05
TTGAG	1	1.58976e-05
TTGCA	1	1.58976e-05
TTGG	1	1.58976e-05
TTGGA	1	1.58976e-05
TTGTA	1	1.58976e-05
TTTTC	1	1.58976e-05
TTTTG	1	1.58976e-05
