CTCGAT	52540	2.56072
GGAAGA	43345	2.11257
TACTGC	36324	1.77037
CTTGTG	36188	1.76375
GAGGAA	26865	1.30936
TTGAGG	25473	1.24151
TGGCTA	25127	1.22465
CTGACT	23177	1.12961
ATTCCG	22220	1.08297
TACTCG	22195	1.08175
ACCGTA	21883	1.06654
TATCCG	21036	1.02526
ACTCGT	20737	1.01069
GATCCT	19209	0.936217
TTCGTG	18624	0.907705
TACCGA	18354	0.894545
AGGTAC	17891	0.871979
CTGTGT	17823	0.868665
ATCGAG	17176	0.837131
TTCGGA	17045	0.830747
TAGCTC	16604	0.809253
ACTAGG	16599	0.809009
TCAACC	16569	0.807547
GACCAA	16391	0.798872
TGGACT	14643	0.713677
AACCAG	14418	0.702711
TGCGTA	14363	0.70003
CTACAC	14208	0.692476
CTCTTC	14108	0.687602
AGAGTC	13934	0.679121
AACGTG	13930	0.678926
TAGTCC	13808	0.67298
TCTCTC	13127	0.639789
AACTCC	12298	0.599385
TGCTAC	12279	0.598459
TAGCAG	12243	0.596705
ACATGG	11935	0.581693
TTCGAC	11874	0.57872
TGCATC	11625	0.566584
TACCAC	11619	0.566292
GAACTG	11284	0.549964
TCTGTG	11216	0.54665
CTGATC	11108	0.541386
AGGTGA	10987	0.535489
TAACGG	10780	0.5254
AGATCG	10590	0.51614
TAAGCG	10544	0.513898
TGTTCG	10280	0.501031
GACTTC	10077	0.491137
GGATCA	9970	0.485922
TCAGTC	9879	0.481487
GGAACT	9403	0.458287
TCCAGA	9086	0.442837
TGACGA	8995	0.438402
ACACCT	8966	0.436989
TGGTAG	8942	0.435819
AGGATC	8936	0.435527
GATAGG	8896	0.433577
GACGAT	8553	0.41686
TCAGAG	8415	0.410134
ACTCTG	8343	0.406625
CTAAGC	8316	0.405309
GAACGT	8192	0.399265
TGTTGC	7880	0.384059
TACACC	7667	0.373678
TCGTAC	7639	0.372313
GAATGG	7583	0.369584
AACTGG	7538	0.36739
GAGATC	7453	0.363248
AAGACC	7306	0.356083
TGTGTC	7286	0.355108
GAGACT	7176	0.349747
AGACGT	7167	0.349308
AGTTCC	7054	0.343801
GATCGA	6985	0.340438
TCGTTG	6880	0.33532
GAGCAT	6815	0.332152
TGTGGA	6797	0.331275
AACACG	6768	0.329862
ATGCGT	6733	0.328156
ATGACG	6704	0.326742
AATGCG	6681	0.325621
TTCAGC	6570	0.320211
ACCACA	6558	0.319627
AGCTGT	6444	0.31407
TGCTCT	6283	0.306224
TCCTCA	6185	0.301447
AGACTG	6165	0.300472
ACAAGC	6130	0.298767
AGTCCT	6120	0.298279
CTGTTG	6095	0.297061
GAGGTT	6045	0.294624
AGAGGA	5940	0.289506
TCGATC	5900	0.287557
CTATCC	5699	0.27776
AGAAGG	5688	0.277224
TTGGTC	5620	0.27391
TGTAGG	5579	0.271912
TCTGAC	5577	0.271814
CCTGAT	5503	0.268208
GACATG	5455	0.265868
ATGGTG	5453	0.265771
CTTCTC	5240	0.255389
TGACTC	5230	0.254902
TGCAAG	5230	0.254902
ATGTCC	5217	0.254268
TTCCAG	5133	0.250174
TCAGCT	5108	0.248956
GAGAAG	5017	0.244521
AGTGGT	4995	0.243448
GATGGT	4990	0.243205
GACTCT	4971	0.242279
ACGCTA	4960	0.241743
TGGTGT	4948	0.241158
AGAACC	4814	0.234627
TTGGAG	4780	0.23297
TCCTAG	4769	0.232434
AAGCAC	4763	0.232141
AACCTC	4756	0.2318
TATCGC	4701	0.229119
AGTTGG	4683	0.228242
TTCCGT	4666	0.227414
TCTCGA	4529	0.220736
TCTAGC	4506	0.219615
TCTACG	4458	0.217276
AGTGAC	4413	0.215083
ACCGAT	4410	0.214936
TCGAGT	4408	0.214839
ACCTCT	4374	0.213182
GGATGT	4307	0.209916
TCCGTT	4305	0.209819
TCTCAG	4301	0.209624
AACAGC	4294	0.209283
CTTCGA	4266	0.207918
TGGAGA	4260	0.207626
TGCTGA	4258	0.207528
ACTTGC	4249	0.20709
GACACA	4239	0.206602
ACCATC	4161	0.202801
AAGGTC	4108	0.200217
ATGCAG	4071	0.198414
GATGCA	4064	0.198073
TATGCC	4042	0.197001
TGAGTG	3933	0.191688
CTCCTT	3932	0.19164
GGACAT	3891	0.189641
TACGCA	3844	0.187351
TGTACC	3817	0.186035
ACGACT	3807	0.185547
ATAGGC	3788	0.184621
CTCACA	3780	0.184231
GAGTGT	3639	0.177359
TGTCCA	3639	0.177359
ATTGCC	3619	0.176384
TTAGCC	3591	0.17502
TGGAAC	3574	0.174191
AGCCAT	3562	0.173606
TGCCTT	3548	0.172924
AAGTCG	3506	0.170877
GAGTAC	3419	0.166637
ATACGG	3417	0.166539
ATTACG	3394	0.165418
TTACCG	3351	0.163322
AGGAAG	3305	0.161081
CTCAGT	3302	0.160934
CTGTCA	3295	0.160593
TATACG	3210	0.15645
CACGAT	3199	0.155914
TGTCGT	3196	0.155768
TAGAGC	3176	0.154793
GGATAG	3153	0.153672
AGTACG	3119	0.152015
AGAGAG	3110	0.151577
TCAGGA	3103	0.151235
TGGTTC	3076	0.149919
AGTGCA	3059	0.149091
TTCTGG	3043	0.148311
TGAGGT	3027	0.147531
TAGGTG	3014	0.146898
CCTCAA	2974	0.144948
AGGAGT	2958	0.144168
AAGGCA	2952	0.143876
CTCTCT	2905	0.141585
ATGTGG	2895	0.141098
CTAGAG	2876	0.140172
CTTACC	2808	0.136858
CTATGG	2762	0.134616
TCACCA	2755	0.134274
CTTGGT	2724	0.132763
AGCCTA	2601	0.126769
AAGGAG	2562	0.124868
TAGGAC	2517	0.122675
TAGGCT	2482	0.120969
GATTCG	2377	0.115851
AACCGT	2366	0.115315
AGCATG	2355	0.114779
CTGCAT	2353	0.114682
GAGTTG	2330	0.113561
ACGTGT	2304	0.112293
TGTGCT	2274	0.110831
CTTCAG	2256	0.109954
TAAGGC	2249	0.109613
CATGTG	2241	0.109223
TACGTC	2224	0.108394
ACGATG	2205	0.107468
ACAACG	2175	0.106006
GGAATG	2175	0.106006
CCTCTT	2111	0.102887
GAAGGA	2087	0.101717
TTTAGG	2070	0.100889
GACTGA	2056	0.100206
AGGACA	2044	0.0996214
CTAGTC	2026	0.0987441
CCTTGA	2009	0.0979155
ATCTCG	1998	0.0973794
TGACAG	1990	0.0969895
TGCGAT	1987	0.0968433
ATCGCA	1965	0.095771
TTAGTG	1926	0.0938702
AATCCG	1923	0.093724
ACAAGG	1918	0.0934803
TGTCAC	1889	0.0920669
ATCGTC	1874	0.0913358
TCGACA	1871	0.0911896
ACGAAC	1830	0.0891913
CTGAAG	1825	0.0889476
ACCTTG	1823	0.0888502
CCTTAC	1823	0.0888502
AGCAAC	1817	0.0885577
TTGCGA	1796	0.0875342
GACTAG	1774	0.086462
ATCCGA	1769	0.0862183
TCACTG	1738	0.0847074
TGACCT	1725	0.0840738
ATGGAC	1722	0.0839276
TTACGC	1720	0.0838301
CCTTCT	1704	0.0830503
AGCAGA	1697	0.0827091
AGGCTT	1651	0.0804671
TAAACC	1651	0.0804671
AGAGCT	1645	0.0801747
TTAGGA	1641	0.0799798
AGGCAA	1636	0.0797361
TTGACC	1630	0.0794436
AACACC	1628	0.0793462
ACCAAG	1621	0.079005
ATCCTG	1598	0.077884
TCTCCT	1584	0.0772017
TCGCTT	1581	0.0770555
CTACTG	1531	0.0746185
TACAGC	1497	0.0729614
CTGCTA	1491	0.072669
ACTGTC	1463	0.0713043
TGGTCA	1455	0.0709144
AAGTGC	1439	0.0701346
TCTGGT	1406	0.0685262
GGAACA	1400	0.0682338
CAGACT	1388	0.0676489
TGATCC	1342	0.065407
GAACAC	1323	0.0644809
AACCAC	1316	0.0641398
GAGGCA	1281	0.0624339
CCTGTA	1276	0.0621902
TTCACG	1269	0.0618491
CTTGCA	1226	0.0597533
AAGCTG	1216	0.0592659
AATACG	1214	0.0591685
GACCTT	1208	0.058876
TTAGAC	1172	0.0571214
TGAGAC	1165	0.0567803
AGCACT	1153	0.0561954
AGCTAG	1149	0.0560005
TAACCG	1131	0.0551232
GATGAC	1130	0.0550744
ACACGT	1105	0.053856
TGCTTG	1076	0.0524426
GACAAC	1070	0.0521501
ACAACC	1049	0.0511266
ATAGAG	1033	0.0503468
CTCTAG	1015	0.0494695
AACGAG	1004	0.0489334
CTCAAC	1000	0.0487384
AGGCTA	990	0.048251
ACCCTA	987	0.0481048
TTGTGC	985	0.0480074
CAGTGT	971	0.047325
GATACT	958	0.0466914
TAATGC	941	0.0458629
TACTAG	928	0.0452293
TTAAGC	908	0.0442545
AACTGC	902	0.0439621
AGTCGA	899	0.0438158
TACACG	896	0.0436696
ACGTTC	889	0.0433285
TATCTC	885	0.0431335
CTAGAT	867	0.0422562
CTCGAA	866	0.0422075
ATCGTG	861	0.0419638
TT	861	0.0419638
GATCCA	849	0.0413789
ACACCA	841	0.040989
ACGAGA	839	0.0408915
TACAGA	824	0.0401605
CTAACG	816	0.0397706
CAACAC	802	0.0390882
TAATCG	792	0.0386008
ACCTAC	786	0.0383084
CACTTC	775	0.0377723
AACCGA	769	0.0374799
ATCGGA	754	0.0367488
ATGAGG	753	0.0367
TCATGC	746	0.0363589
TATCAG	735	0.0358227
TTCCTC	733	0.0357253
TCAAGG	729	0.0355303
TAGTAC	727	0.0354328
TATAGC	722	0.0351891
AACTCG	715	0.034848
TTACAG	715	0.034848
AAAGCG	711	0.034653
GAACCT	707	0.0344581
CTCCAT	705	0.0343606
CTGACA	704	0.0343119
GAACAG	692	0.033727
AAAACC	690	0.0336295
AACCTG	683	0.0332883
AACGCT	681	0.0331909
ACTCCT	672	0.0327522
CAGATC	666	0.0324598
AACAGG	655	0.0319237
TACCGC	642	0.0312901
TAAACG	641	0.0312413
TAAGAG	641	0.0312413
TGTTAG	634	0.0309002
AAGCAG	633	0.0308514
ATCTGC	632	0.0308027
GACGAA	624	0.0304128
TACCCA	624	0.0304128
TCCACA	624	0.0304128
TCTTCC	621	0.0302666
AGATAG	620	0.0302178
TAACGA	620	0.0302178
AAGCCT	619	0.0301691
TAGCTA	617	0.0300716
GAAAGG	598	0.0291456
CTGGAA	597	0.0290968
TATGTG	596	0.0290481
TAAGTC	595	0.0289994
CTCGCT	593	0.0289019
CTCTGA	588	0.0286582
ATTGTG	586	0.0285607
AAGTCC	583	0.0284145
AAACGG	581	0.028317
ACTACG	577	0.0281221
CTCATC	576	0.0280733
TCCTTC	575	0.0280246
AAAACG	566	0.027586
CTCTTA	565	0.0275372
TCACTC	564	0.0274885
ACACTG	555	0.0270498
ATCGAC	547	0.0266599
TAGCAC	545	0.0265624
AGCGTA	543	0.026465
TTGCTG	543	0.026465
GACATC	542	0.0264162
TACTCA	542	0.0264162
TGTACT	542	0.0264162
AAACAG	541	0.0263675
AGCTTC	536	0.0261238
TGCAAC	536	0.0261238
AGAACG	530	0.0258314
TACTCC	530	0.0258314
CAGGAA	526	0.0256364
TGTTTC	520	0.025344
ACC	514	0.0250516
TTACGT	513	0.0250028
ACTAGT	512	0.0249541
CTTTTG	508	0.0247591
TCTTGG	508	0.0247591
AAGCTC	499	0.0243205
ATCGGT	495	0.0241255
AAGCGT	494	0.0240768
TCGTGA	487	0.0237356
TAAAGG	484	0.0235894
TCATCG	483	0.0235407
TAGATC	477	0.0232482
ATCGAT	474	0.023102
AGCTAC	472	0.0230045
AACGTA	471	0.0229558
AAAAGG	470	0.0229071
CTTGTT	469	0.0228583
TTGCTA	467	0.0227608
AGGACT	464	0.0226146
TAACAC	462	0.0225172
AAATGG	458	0.0223222
ATCCAG	458	0.0223222
AAATCG	457	0.0222735
ACTCAG	457	0.0222735
TTCGCC	451	0.021981
ATAGTG	448	0.0218348
CCAGAT	446	0.0217373
TACCCC	445	0.0216886
AAAGAG	440	0.0214449
AAGACG	439	0.0213962
ACAGTC	439	0.0213962
TAGTTG	438	0.0213474
TCAGTG	438	0.0213474
TAACAG	437	0.0212987
AGACAG	434	0.0211525
CTAACC	433	0.0211037
AGTTAC	430	0.0209575
ACCAAC	429	0.0209088
TCACAC	426	0.0207626
AAACCG	421	0.0205189
TAAGCT	421	0.0205189
TCTAGT	415	0.0202264
TTTGTC	414	0.0201777
ACATTG	413	0.020129
TATCCC	407	0.0198365
TATTCC	406	0.0197878
TTCGGC	406	0.0197878
AAAGTG	404	0.0196903
AGACCT	404	0.0196903
AGACTC	400	0.0194954
AGACGA	398	0.0193979
TGGACA	397	0.0193492
TGCATA	394	0.0192029
GGAATA	392	0.0191055
AAGGTG	391	0.0190567
CACGAA	391	0.0190567
TTAACG	390	0.019008
TTGACG	389	0.0189592
CTTC	386	0.018813
CGCGAT	385	0.0187643
TACTTC	385	0.0187643
ATACCG	384	0.0187156
AA	380	0.0185206
GAGACA	380	0.0185206
GGACTA	379	0.0184719
CAAAGC	377	0.0183744
ATTCAG	376	0.0183256
ACTATG	375	0.0182769
TAACCA	374	0.0182282
AAAAGC	373	0.0181794
CTGATA	372	0.0181307
CTGTTT	371	0.018082
AATGCC	368	0.0179357
AACTAC	365	0.0177895
GACAAG	365	0.0177895
CATCTC	362	0.0176433
TCAGAC	361	0.0175946
CAGTTG	360	0.0175458
AACACA	359	0.0174971
AATCGT	359	0.0174971
AATAGG	357	0.0173996
AGGAAC	356	0.0173509
TAAAGC	355	0.0173021
GATAGA	354	0.0172534
TCACAG	354	0.0172534
AGCATC	353	0.0172047
GAGATA	352	0.0171559
AACAAG	351	0.0171072
CGAAGA	351	0.0171072
AGTTCG	347	0.0169122
ACGGTT	342	0.0166685
AAACAC	341	0.0166198
AGGTAA	340	0.0165711
TACACA	340	0.0165711
TATGAC	340	0.0165711
ATTTCC	338	0.0164736
ACATGC	337	0.0164249
CATCGA	335	0.0163274
CTAGTG	335	0.0163274
TACGTT	333	0.0162299
TGAAGA	332	0.0161812
AGGATA	331	0.0161324
GAATTG	331	0.0161324
ATGACT	330	0.0160837
AAAGGC	329	0.0160349
AGGTAG	328	0.0159862
AGAGTA	327	0.0159375
CAATCC	327	0.0159375
AAATCC	326	0.0158887
TATACC	325	0.01584
AGTCCA	323	0.0157425
ACCACT	322	0.0156938
GACTTA	322	0.0156938
AAGTAC	321	0.015645
CTCGTG	321	0.015645
AAGTGA	319	0.0155476
TCTCAC	318	0.0154988
ACCGAA	316	0.0154013
AACAAC	315	0.0153526
AATACC	314	0.0153039
AGAAGA	313	0.0152551
AAGTCA	310	0.0151089
AGATCC	310	0.0151089
ATTCCC	310	0.0151089
GGAAGG	309	0.0150602
TTACGA	306	0.014914
TAAGCC	305	0.0148652
TGGCAA	305	0.0148652
AAACCT	304	0.0148165
GAGGGA	304	0.0148165
TACAAC	303	0.0147677
AAACTG	302	0.014719
TACTGA	302	0.014719
AAAGTC	299	0.0145728
TAGAGT	299	0.0145728
TATCGA	299	0.0145728
TGACCA	299	0.0145728
AATCCT	298	0.0145241
CGTGTG	298	0.0145241
TCTCTA	298	0.0145241
ACGTAC	296	0.0144266
AGTTGC	296	0.0144266
TAACTC	296	0.0144266
AAGGAA	295	0.0143778
ATAGGA	295	0.0143778
GAAGAA	294	0.0143291
AGCAAG	293	0.0142804
GAGCAA	290	0.0141341
GGAGGA	290	0.0141341
AACCAA	289	0.0140854
AGTGTC	289	0.0140854
GAGGAG	289	0.0140854
TCGAT	289	0.0140854
AAACGT	288	0.0140367
ACCATA	286	0.0139392
AACGAT	285	0.0138905
AGCCAA	285	0.0138905
CTAAAC	285	0.0138905
TTATGG	285	0.0138905
CAGACA	283	0.013793
AACGCA	282	0.0137442
GAAATG	282	0.0137442
AACGTC	281	0.0136955
TAATCC	281	0.0136955
ACAATG	279	0.013598
CCCGAT	279	0.013598
TCTATC	276	0.0134518
AACCCA	274	0.0133543
AATCAG	274	0.0133543
CACCAT	274	0.0133543
GAACGA	273	0.0133056
ATAAGC	272	0.0132569
ATTACC	272	0.0132569
ACCTCA	268	0.0130619
GAACAT	268	0.0130619
AGTCAG	266	0.0129644
ATAGAC	266	0.0129644
CTCGAC	266	0.0129644
GAGAAC	266	0.0129644
CTTGCG	264	0.0128669
TGCTGC	264	0.0128669
TTCGTA	264	0.0128669
GGGAGA	263	0.0128182
TTCAAG	263	0.0128182
CTATAC	261	0.0127207
AATCCC	260	0.012672
AGCTGA	260	0.012672
ATCAGG	260	0.012672
GTC	260	0.012672
TAACCC	260	0.012672
CTTATG	259	0.0126233
TTGACT	258	0.0125745
AATTCG	257	0.0125258
AGCTCT	257	0.0125258
ACTGTG	256	0.012477
ATAACG	256	0.012477
ATACAG	256	0.012477
CTATTC	256	0.012477
AAACCA	255	0.0124283
CTGCCT	255	0.0124283
TCGTTT	255	0.0124283
TTCGCT	255	0.0124283
ACTCTC	253	0.0123308
CTCGGT	253	0.0123308
ATAAGG	251	0.0122333
TAACGC	251	0.0122333
AATGTG	250	0.0121846
AGTTTG	250	0.0121846
AAGAAC	249	0.0121359
ATAGTC	249	0.0121359
ATTAGG	248	0.0120871
TACTAC	248	0.0120871
ATGTAC	247	0.0120384
CACACA	246	0.0119897
GGGGAA	246	0.0119897
AGTACC	245	0.0119409
GGATAA	245	0.0119409
AGAGGT	244	0.0118922
TACCCG	244	0.0118922
CAAGAT	243	0.0118434
AACCTA	242	0.0117947
TCGCAA	242	0.0117947
ATGTGT	240	0.0116972
CTCACT	240	0.0116972
GACAAA	240	0.0116972
AACCCC	239	0.0116485
ACATCG	239	0.0116485
AGAGAC	239	0.0116485
ACGACA	236	0.0115023
GACACT	235	0.0114535
TGCCTA	235	0.0114535
AGTGGA	234	0.0114048
TATAAG	234	0.0114048
CAGTCA	233	0.0113561
TCAAAC	233	0.0113561
AAGACT	232	0.0113073
AACATC	231	0.0112586
GGAAGC	231	0.0112586
TTGGGG	231	0.0112586
CTGACC	229	0.0111611
AACTAG	228	0.0111124
ATGGTC	228	0.0111124
GAG	228	0.0111124
GACCAT	227	0.0110636
CACATC	225	0.0109661
AAATGC	224	0.0109174
TGTGTA	224	0.0109174
TCCACT	223	0.0108687
AAGCCC	222	0.0108199
ACAGAG	222	0.0108199
TTCCGA	222	0.0108199
AAACTC	221	0.0107712
AAGACA	221	0.0107712
TACAAG	221	0.0107712
ATCAGC	220	0.0107225
TGGTTA	218	0.010625
CCTGTG	216	0.0105275
TTTGAG	215	0.0104788
TAAGGA	214	0.01043
TACCAA	214	0.01043
TGATGG	214	0.01043
GAACAA	213	0.0103813
ATGACC	212	0.0103325
GGAAAA	212	0.0103325
TTCCAC	212	0.0103325
AACGCG	211	0.0102838
TCAACG	211	0.0102838
TTAACC	211	0.0102838
TGAACC	210	0.0102351
AAAAAG	209	0.0101863
ATAGCC	209	0.0101863
CAGCAT	209	0.0101863
TTACTC	208	0.0101376
ACCAGA	207	0.0100889
ACCATG	207	0.0100889
AGGAGA	207	0.0100889
ATACTG	207	0.0100889
GAAACT	207	0.0100889
AAAAAC	206	0.0100401
AGTAGG	206	0.0100401
ATGATC	206	0.0100401
AACCCT	205	0.00999138
ATGAAG	205	0.00999138
CACCAA	205	0.00999138
CTACCC	205	0.00999138
CTGAAC	205	0.00999138
GAAAGA	204	0.00994264
TAGAGG	204	0.00994264
AAGATC	203	0.0098939
ACTACC	203	0.0098939
TGCTCA	203	0.0098939
ACGATC	202	0.00984516
AGAGTG	202	0.00984516
AGGTTC	202	0.00984516
ATACAC	202	0.00984516
CATACC	202	0.00984516
CTTATC	202	0.00984516
TGTAG	202	0.00984516
AAGCTA	200	0.00974769
TAAAAC	200	0.00974769
AGTACT	199	0.00969895
GAACCA	199	0.00969895
AATTCC	198	0.00965021
TAAGTG	198	0.00965021
TAGACC	198	0.00965021
TGACAC	197	0.00960147
TTGATG	197	0.00960147
ATTAAG	196	0.00955273
ATAACC	195	0.00950399
GACCAG	195	0.00950399
TTCGTT	195	0.00950399
ATTCGT	194	0.00945526
TCTAAG	193	0.00940652
AAACGA	192	0.00935778
TCAGCC	192	0.00935778
TCAGTA	191	0.00930904
TCGAGG	191	0.00930904
TCTACC	190	0.0092603
AAGGAC	189	0.00921156
AGCAGT	189	0.00921156
TAGCCC	189	0.00921156
CACGCT	188	0.00916282
GATACA	188	0.00916282
TGCTAA	188	0.00916282
TGGCCT	188	0.00916282
TTCTAC	188	0.00916282
AACTCA	187	0.00911409
AACTTC	187	0.00911409
GATACG	187	0.00911409
AGGTGC	186	0.00906535
GAGTAA	186	0.00906535
GATATG	186	0.00906535
TCGATA	186	0.00906535
TCGACT	185	0.00901661
AACCCG	184	0.00896787
ACACAG	183	0.00891913
ACTAGC	183	0.00891913
GACCCA	183	0.00891913
AACGAA	182	0.00887039
ATCGCG	182	0.00887039
TTCATC	182	0.00887039
ACTCGA	181	0.00882166
AACAGA	180	0.00877292
ATCGAA	180	0.00877292
ACAGTG	179	0.00872418
ACTCCG	179	0.00872418
GAGTCA	179	0.00872418
ACGAGT	178	0.00867544
AGGGTC	178	0.00867544
ATACGA	178	0.00867544
TGACTA	178	0.00867544
CTATTG	177	0.0086267
CTCCTC	177	0.0086267
TTCCTG	177	0.0086267
TAAGAC	176	0.00857796
TACATC	176	0.00857796
ACCCAT	175	0.00852923
ATGTTG	175	0.00852923
CAATGG	175	0.00852923
TGAGTA	175	0.00852923
TTTACC	175	0.00852923
GACTCA	174	0.00848049
TAACTG	174	0.00848049
TTATCC	174	0.00848049
ATGGAG	173	0.00843175
CCATCT	173	0.00843175
TTCGGG	173	0.00843175
ATCCGT	172	0.00838301
CACTCT	172	0.00838301
GATTAG	172	0.00838301
TTACCC	172	0.00838301
AGGTGT	171	0.00833427
CCACAA	171	0.00833427
TATCCT	171	0.00833427
AAACCC	170	0.00828553
CTTGAT	170	0.00828553
GAAGCA	170	0.00828553
TCGAAC	170	0.00828553
TGTACA	170	0.00828553
ACAAGT	169	0.00823679
ACAGTA	169	0.00823679
TACTCT	169	0.00823679
AGAATG	168	0.00818806
CTTAGA	168	0.00818806
TTTACG	168	0.00818806
AACCAT	167	0.00813932
CTAATC	166	0.00809058
GCT	166	0.00809058
TCAAGC	166	0.00809058
TCCAAG	166	0.00809058
GAATCG	165	0.00804184
GACGCA	165	0.00804184
TATCAC	165	0.00804184
TCACCC	165	0.00804184
TGGCTC	165	0.00804184
TGGGCT	165	0.00804184
TGTGTG	164	0.0079931
TTCACC	164	0.0079931
TTGGTG	164	0.0079931
AACTTG	163	0.00794436
ACGCCT	163	0.00794436
AACTCT	162	0.00789563
ATATCG	162	0.00789563
GCCCAA	162	0.00789563
AGAAAG	161	0.00784689
CAACTG	161	0.00784689
ATACGT	160	0.00779815
CATGGT	160	0.00779815
TAGACA	160	0.00779815
TGACGC	160	0.00779815
GAAACA	159	0.00774941
TAAGCA	159	0.00774941
TGGCGA	159	0.00774941
AATCTG	158	0.00770067
GAAAGT	158	0.00770067
GACCCT	158	0.00770067
ACTGAC	157	0.00765193
CAGAAG	156	0.0076032
GAGCCT	156	0.0076032
GGGACT	156	0.0076032
TCACGA	156	0.0076032
TGTTGA	156	0.0076032
AAAACA	155	0.00755446
AAGGCC	155	0.00755446
GATGAA	155	0.00755446
AATAAG	154	0.00750572
CATTTG	154	0.00750572
TCTAGA	154	0.00750572
ACGCAA	153	0.00745698
CCATAC	153	0.00745698
GACTCC	153	0.00745698
GGACAA	153	0.00745698
TGATAC	153	0.00745698
TGGCCA	153	0.00745698
ACCCCA	152	0.00740824
ACCTGT	152	0.00740824
CAAACC	152	0.00740824
CACCTT	152	0.00740824
TCAACA	152	0.00740824
AATCTC	151	0.0073595
TACCTC	151	0.0073595
TCCGTG	151	0.0073595
TTGGTA	151	0.0073595
AGAACA	150	0.00731076
GAAGGT	150	0.00731076
ATCCCG	149	0.00726203
CTGCGT	149	0.00726203
TTCGCG	149	0.00726203
ACTCGC	148	0.00721329
CACTTA	148	0.00721329
CTGAGG	148	0.00721329
TAAAGA	148	0.00721329
TTGTAG	148	0.00721329
AAAGCA	147	0.00716455
TGAATC	146	0.00711581
CACAGT	145	0.00706707
TAATAG	145	0.00706707
TTACAC	145	0.00706707
AACCGC	144	0.00701833
AAGTGG	144	0.00701833
CCATGA	144	0.00701833
GGCCAA	144	0.00701833
TAGAAC	144	0.00701833
AACATG	143	0.0069696
TGCTCG	143	0.0069696
TGGACC	143	0.0069696
ACAAAC	142	0.00692086
GGAGAA	142	0.00692086
TAGCA	142	0.00692086
ATGAGT	141	0.00687212
GGTCCT	141	0.00687212
TAGCTT	141	0.00687212
TGCGTC	141	0.00687212
ACGTGA	140	0.00682338
ACTTTC	140	0.00682338
AGGACC	140	0.00682338
TATCTA	140	0.00682338
TCTCCA	140	0.00682338
TGTACG	140	0.00682338
ACCGCA	139	0.00677464
GCCGTA	139	0.00677464
GGAAGT	139	0.00677464
TAAAAG	139	0.00677464
TAAACA	139	0.00677464
TACGTG	139	0.00677464
ACAACT	138	0.0067259
ATATCC	138	0.0067259
CATGTT	138	0.0067259
TGGTAC	138	0.0067259
TTTGTG	138	0.0067259
ACGAAG	137	0.00667716
AGACCA	137	0.00667716
CTGGCT	137	0.00667716
GACGCT	137	0.00667716
TCGACC	137	0.00667716
TCTGTT	137	0.00667716
TGTCTC	137	0.00667716
AAAGCC	136	0.00662843
AGAAAC	136	0.00662843
AGCACA	136	0.00662843
CACTGC	136	0.00662843
CTCAAT	136	0.00662843
TACGCC	136	0.00662843
AACGTT	135	0.00657969
ATGACA	135	0.00657969
TTCTGA	134	0.00653095
ATATGG	133	0.00648221
GAGACC	133	0.00648221
TCGTAA	133	0.00648221
ACCAAA	132	0.00643347
ACCGTT	132	0.00643347
CCACTT	132	0.00643347
CTTCTA	132	0.00643347
GAAGCT	132	0.00643347
ATCGTA	131	0.00638473
CTTTGT	131	0.00638473
GGACGT	131	0.00638473
TAGCGG	131	0.00638473
ACAGGA	130	0.006336
ACGTTG	130	0.006336
CAAGAG	130	0.006336
CCGACT	130	0.006336
TCAATC	130	0.006336
TCGCTC	130	0.006336
AACCGG	129	0.00628726
CATCAG	129	0.00628726
TAGACT	129	0.00628726
TCCTAC	129	0.00628726
TGCCAC	129	0.00628726
AAAGAC	128	0.00623852
ACAATC	128	0.00623852
AGTGCC	128	0.00623852
CTTGAG	128	0.00623852
GGAAAG	128	0.00623852
GGATCG	128	0.00623852
TAGCAA	128	0.00623852
TGTATG	128	0.00623852
TTAAGG	128	0.00623852
AAAATG	127	0.00618978
AAGAAG	127	0.00618978
ACTAAG	127	0.00618978
CTAACA	127	0.00618978
TAGAAG	127	0.00618978
TAGCAT	127	0.00618978
TGTAAC	127	0.00618978
TTACTG	127	0.00618978
ACCCAA	126	0.00614104
AGGTGG	126	0.00614104
ATACGC	126	0.00614104
ATCAAG	126	0.00614104
ATGCTA	126	0.00614104
TGCACC	126	0.00614104
AAGTGT	125	0.0060923
ACAAAG	125	0.0060923
ATCACG	125	0.0060923
CCTCTC	125	0.0060923
CTGGTT	125	0.0060923
GACGTG	125	0.0060923
TACGAC	125	0.0060923
TAGGAA	125	0.0060923
TGTCTA	125	0.0060923
AGATAC	124	0.00604357
AGATGG	124	0.00604357
AGTAAG	124	0.00604357
TGCCGA	124	0.00604357
TGGTTG	124	0.00604357
ACCCCT	123	0.00599483
ACCGCT	123	0.00599483
AGAGCC	123	0.00599483
AGAGGC	123	0.00599483
AGGCAC	123	0.00599483
GCTAGG	123	0.00599483
TATCCA	123	0.00599483
TCAGCA	123	0.00599483
TTTCGA	123	0.00599483
ACCACC	122	0.00594609
AGAAGT	122	0.00594609
AGCTCC	122	0.00594609
CAAGTC	122	0.00594609
GTTCCG	122	0.00594609
TAAATC	122	0.00594609
TGTCCG	122	0.00594609
TTCAAC	122	0.00594609
AATGAC	121	0.00589735
AGTTAG	121	0.00589735
GACTAC	121	0.00589735
TCACCT	121	0.00589735
TGGCTG	121	0.00589735
AATGCA	120	0.00584861
ACAACA	120	0.00584861
ATCTTC	120	0.00584861
CAAGTG	120	0.00584861
GGA	120	0.00584861
GGAAAT	120	0.00584861
AAATTG	119	0.00579987
CAAAAC	119	0.00579987
CGAACA	119	0.00579987
CTACAA	119	0.00579987
CTACAT	119	0.00579987
CTAGAA	119	0.00579987
CTCGGA	119	0.00579987
GGGTAC	119	0.00579987
TTTTCG	119	0.00579987
AATCAC	118	0.00575113
ACACTC	118	0.00575113
ACAGCT	118	0.00575113
AGAACT	118	0.00575113
ATGATG	118	0.00575113
TTCGAA	118	0.00575113
AAGCAA	117	0.0057024
AGAATC	117	0.0057024
GGAACC	117	0.0057024
TGCCTC	117	0.0057024
ATAGCA	116	0.00565366
ATATGC	116	0.00565366
CAGCTA	116	0.00565366
CTCATA	116	0.00565366
GACATT	116	0.00565366
GAGGTA	116	0.00565366
TTCAGA	116	0.00565366
TTCGAG	116	0.00565366
AGAGGG	115	0.00560492
AGATCA	115	0.00560492
CATGCA	115	0.00560492
ACTCTT	114	0.00555618
AGCCTT	114	0.00555618
ATAGAT	114	0.00555618
ATGCCT	114	0.00555618
CGGACT	114	0.00555618
CGGCTA	114	0.00555618
GACAGA	114	0.00555618
GAGAAA	114	0.00555618
TACGGA	114	0.00555618
TCCCTT	114	0.00555618
TTAGGC	114	0.00555618
ACTGTA	113	0.00550744
TACGTA	113	0.00550744
TGCACT	113	0.00550744
AAAGGA	112	0.0054587
AAATAG	112	0.0054587
AAGAGT	112	0.0054587
AGGCGA	112	0.0054587
ATCTAG	112	0.0054587
GATTGT	112	0.0054587
TAACGT	112	0.0054587
AACGAC	111	0.00540997
ATCCAT	111	0.00540997
ATCGGG	111	0.00540997
CGACAC	111	0.00540997
GACCTC	111	0.00540997
TAGTCA	111	0.00540997
TATTGC	111	0.00540997
TCAAGA	111	0.00540997
TCCAGC	111	0.00540997
TCCGGA	111	0.00540997
TGCAGA	111	0.00540997
AAGTTG	110	0.00536123
ACACTA	110	0.00536123
AGCGAT	110	0.00536123
GAAAAG	110	0.00536123
TACCGG	110	0.00536123
TGACGG	110	0.00536123
AAGTAG	109	0.00531249
AATAGC	109	0.00531249
AGCGTG	109	0.00531249
CTGAAT	109	0.00531249
GGACTG	109	0.00531249
GTCGAG	109	0.00531249
TTAGGT	109	0.00531249
TTCCTT	109	0.00531249
AGATC	108	0.00526375
AGTGCT	108	0.00526375
CATCCT	108	0.00526375
CCAACC	108	0.00526375
CTACAG	108	0.00526375
CTGAGT	108	0.00526375
GAGAAT	108	0.00526375
GATCCC	108	0.00526375
TGTAGT	108	0.00526375
TTGAGA	108	0.00526375
AAACGC	107	0.00521501
AATGAG	107	0.00521501
AGGTA	107	0.00521501
ATGTGA	107	0.00521501
CTTCAC	107	0.00521501
TCTGCC	107	0.00521501
TGTTCC	107	0.00521501
TGTTGG	107	0.00521501
ATCTGG	106	0.00516627
TACCAG	106	0.00516627
TGAACA	106	0.00516627
TTAGTT	106	0.00516627
ATCGCC	105	0.00511754
ATTTGG	105	0.00511754
CTACGC	105	0.00511754
GACATA	105	0.00511754
GACCGA	105	0.00511754
TTTTGC	105	0.00511754
ACCGAG	104	0.0050688
GACCAC	104	0.0050688
GAGCAC	104	0.0050688
GAGCTG	104	0.0050688
TATATC	104	0.0050688
TCCTTG	104	0.0050688
TCTCCC	104	0.0050688
TGGATA	104	0.0050688
AAAACT	103	0.00502006
ACCGTG	103	0.00502006
ACCTAG	103	0.00502006
AGTGCG	103	0.00502006
TCCACC	103	0.00502006
TGAGTC	103	0.00502006
TGCCAT	103	0.00502006
AACACT	102	0.00497132
CCGTGT	102	0.00497132
GAACTT	102	0.00497132
TTCGAT	102	0.00497132
AAACAA	101	0.00492258
ATTGTC	101	0.00492258
CCTGAA	101	0.00492258
CTACTT	101	0.00492258
GACACG	101	0.00492258
TCGGTC	101	0.00492258
TGAACT	101	0.00492258
ACTGCT	100	0.00487384
AGGTCA	100	0.00487384
AGGTTA	100	0.00487384
CACACT	100	0.00487384
TCCTAA	100	0.00487384
TGTCGC	100	0.00487384
CTCTCA	99	0.0048251
CTGGTC	99	0.0048251
GAGTTT	99	0.0048251
TAATTC	99	0.0048251
TAGGCC	99	0.0048251
TCTTTG	99	0.0048251
TGCTAG	99	0.0048251
TTCCCT	99	0.0048251
AAAGCT	98	0.00477637
AACAAA	98	0.00477637
GGATGA	98	0.00477637
GGGATC	98	0.00477637
TGTGGC	98	0.00477637
TTACCT	98	0.00477637
TTCATG	98	0.00477637
AACTGT	97	0.00472763
AATAGT	97	0.00472763
AATCGC	97	0.00472763
ACTACT	97	0.00472763
AGACTA	97	0.00472763
CCAGTA	97	0.00472763
CTCTCC	97	0.00472763
GCTCGT	97	0.00472763
TCCATC	97	0.00472763
TGGATC	97	0.00472763
AAAATC	96	0.00467889
AAGGTA	96	0.00467889
AGACAT	96	0.00467889
AGTCGT	96	0.00467889
ATTGAC	96	0.00467889
GAATGT	96	0.00467889
AGACAC	95	0.00463015
AGACCG	95	0.00463015
CACCGA	95	0.00463015
CCTCGA	95	0.00463015
CTAACT	95	0.00463015
CTGTGC	95	0.00463015
TGCGAA	95	0.00463015
TTCAGG	95	0.00463015
AGAGCA	94	0.00458141
AGTTCA	94	0.00458141
ATCCCA	94	0.00458141
ATGGCG	94	0.00458141
CTTAAC	94	0.00458141
TCTCGC	94	0.00458141
TTTGGA	94	0.00458141
AATATG	93	0.00453267
AATGGT	93	0.00453267
ATACCT	93	0.00453267
TTCTCT	93	0.00453267
AAATAC	92	0.00448394
AATCGA	92	0.00448394
ATTGAG	92	0.00448394
CAGCTC	92	0.00448394
CCCTTC	92	0.00448394
GAGGTC	92	0.00448394
GCATGG	92	0.00448394
TATAGG	92	0.00448394
TGTGCC	92	0.00448394
TTTCCA	92	0.00448394
ACTTGG	91	0.0044352
AGGCCA	91	0.0044352
ATGTCA	91	0.0044352
CACTCG	91	0.0044352
CTAAGG	91	0.0044352
CTGCAC	91	0.0044352
TACTTG	91	0.0044352
TATTCG	91	0.0044352
TGGTAT	91	0.0044352
AAAGAA	90	0.00438646
ATCATC	90	0.00438646
ATTCCA	90	0.00438646
TTCTTG	90	0.00438646
TTGAGC	90	0.00438646
ACACGG	89	0.00433772
ACCCGT	89	0.00433772
AGGCTC	89	0.00433772
CAGTTT	89	0.00433772
CCGATC	89	0.00433772
CTCCGT	89	0.00433772
CTTACT	89	0.00433772
CTTCTG	89	0.00433772
GAAACG	89	0.00433772
GAAGAT	89	0.00433772
GAGCGT	89	0.00433772
TGGGTA	89	0.00433772
TGTGGG	89	0.00433772
TTCTGC	89	0.00433772
TTTATG	89	0.00433772
AAAAGA	88	0.00428898
AACTGA	88	0.00428898
ATAAAC	88	0.00428898
ATCACA	88	0.00428898
ATTTTG	88	0.00428898
CATCCG	88	0.00428898
GATGCT	88	0.00428898
GCTCCT	88	0.00428898
TAGCCG	88	0.00428898
TCAAAG	88	0.00428898
TCTTAC	88	0.00428898
TGGCAG	88	0.00428898
TGTCCC	88	0.00428898
TGTCGA	88	0.00428898
TTTCCG	88	0.00428898
AATTGC	87	0.00424024
ACAAGA	87	0.00424024
ATACCC	87	0.00424024
ATGAAC	87	0.00424024
CAACAA	87	0.00424024
CAGATA	87	0.00424024
CTCCAA	87	0.00424024
TAAGTA	87	0.00424024
TGATCG	87	0.00424024
TGCTCC	87	0.00424024
TTGTGT	87	0.00424024
AATACT	86	0.0041915
CCTCAT	86	0.0041915
TGAAAC	86	0.0041915
TGAAAG	86	0.0041915
TGAGGA	86	0.0041915
AAAGTA	85	0.00414277
AGCCAG	85	0.00414277
AGTACA	85	0.00414277
TCCCTC	85	0.00414277
TGCGCA	85	0.00414277
TGCTAT	85	0.00414277
TTGCAG	85	0.00414277
TTGTTC	85	0.00414277
AAGCCA	84	0.00409403
AATCCA	84	0.00409403
ATGCAC	84	0.00409403
GACGTT	84	0.00409403
TAGATA	84	0.00409403
TCTCAT	84	0.00409403
TTAAAG	84	0.00409403
ACAGAC	83	0.00404529
TAGGCG	83	0.00404529
TAGTAG	83	0.00404529
TCTGCG	83	0.00404529
TCTGGC	83	0.00404529
TGCGGA	83	0.00404529
TGGTCC	83	0.00404529
AAAGAT	82	0.00399655
AATTGG	82	0.00399655
AGCCGT	82	0.00399655
AGCTGG	82	0.00399655
AGGAAA	82	0.00399655
GATCGC	82	0.00399655
TAATGG	82	0.00399655
TCTCT	82	0.00399655
AAACAT	81	0.00394781
AAGGCT	81	0.00394781
CAACAG	81	0.00394781
CAGAAC	81	0.00394781
CTCAGC	81	0.00394781
GAATTC	81	0.00394781
GACTAT	81	0.00394781
TAACCT	81	0.00394781
TGCGTG	81	0.00394781
TGCGTT	81	0.00394781
ACTTCC	80	0.00389907
AGCATA	80	0.00389907
AGTCCC	80	0.00389907
ATAAAG	80	0.00389907
ATATAG	80	0.00389907
ATGCGA	80	0.00389907
GCAAGA	80	0.00389907
TTAGAG	80	0.00389907
ACACGA	79	0.00385034
ACTCAT	79	0.00385034
AGGGGA	79	0.00385034
CAAGAA	79	0.00385034
CGCGTA	79	0.00385034
AAAAGT	78	0.0038016
ACTGGT	78	0.0038016
AGATGT	78	0.0038016
AGTCAC	78	0.0038016
CTCCCT	78	0.0038016
GAACCG	78	0.0038016
GAGGAC	78	0.0038016
GATCAT	78	0.0038016
TAACAA	78	0.0038016
TATCTG	78	0.0038016
TTGAAG	78	0.0038016
AATAAC	77	0.00375286
ACTATC	77	0.00375286
AGGTCG	77	0.00375286
CGAACT	77	0.00375286
TAGTAA	77	0.00375286
TGCTTC	77	0.00375286
AAGAGC	76	0.00370412
ACGCGT	76	0.00370412
ACGTGG	76	0.00370412
ATCCAC	76	0.00370412
CTTAAG	76	0.00370412
GACTAA	76	0.00370412
TTAAGA	76	0.00370412
TTCAGT	76	0.00370412
AAGATG	75	0.00365538
ACCGGA	75	0.00365538
AGTTGT	75	0.00365538
AGTTTC	75	0.00365538
CGATCA	75	0.00365538
CGCTAC	75	0.00365538
CGTCTC	75	0.00365538
CTCTGT	75	0.00365538
TGGTCT	75	0.00365538
AGACGC	74	0.00360664
CAGCAA	74	0.00360664
CAGGTT	74	0.00360664
CCAGTC	74	0.00360664
CTAAAG	74	0.00360664
CTACTC	74	0.00360664
CTGCTC	74	0.00360664
GAAAC	74	0.00360664
GAACGG	74	0.00360664
GAATAG	74	0.00360664
GAGCTC	74	0.00360664
GGACCA	74	0.00360664
TCCGAC	74	0.00360664
AATACA	73	0.00355791
ATCAAC	73	0.00355791
ATGGTT	73	0.00355791
CACTAG	73	0.00355791
CCA	73	0.00355791
GACACC	73	0.00355791
GATTCA	73	0.00355791
GGAGTC	73	0.00355791
TAGCTG	73	0.00355791
TAGTTC	73	0.00355791
TGACAA	73	0.00355791
TGGAGC	73	0.00355791
ACGCTG	72	0.00350917
ATTCCT	72	0.00350917
ATTCGA	72	0.00350917
CACAAC	72	0.00350917
CGCATC	72	0.00350917
CGTACC	72	0.00350917
CTCGCA	72	0.00350917
GAGGCT	72	0.00350917
GGATAT	72	0.00350917
GGGCAT	72	0.00350917
GGGTCA	72	0.00350917
TATGTC	72	0.00350917
AACATA	71	0.00346043
ACTGAT	71	0.00346043
AGCACC	71	0.00346043
AGTGGC	71	0.00346043
ATCGGC	71	0.00346043
CAATTG	71	0.00346043
CCAGAG	71	0.00346043
CTATCA	71	0.00346043
CTCTTG	71	0.00346043
GACTGG	71	0.00346043
GCCACA	71	0.00346043
TCAGGG	71	0.00346043
TCATAG	71	0.00346043
TCGGAG	71	0.00346043
TGGAAA	71	0.00346043
TGTTCT	71	0.00346043
TTGGCC	71	0.00346043
AGCTGC	70	0.00341169
ATACCA	70	0.00341169
CAATAC	70	0.00341169
CTCAAA	70	0.00341169
TAGAGA	70	0.00341169
TGCAAA	70	0.00341169
TTGGGA	70	0.00341169
ACCCTC	69	0.00336295
AGCACG	69	0.00336295
AGCCCT	69	0.00336295
ATGCAA	69	0.00336295
CATACT	69	0.00336295
CTGCAA	69	0.00336295
GATCAA	69	0.00336295
TAGGTC	69	0.00336295
TCAGCG	69	0.00336295
TCAGTT	69	0.00336295
TCGCCA	69	0.00336295
TGACCC	69	0.00336295
TTGGAC	69	0.00336295
AATGTC	68	0.00331421
ACATTC	68	0.00331421
ATACTC	68	0.00331421
ATGCGG	68	0.00331421
CAGCAG	68	0.00331421
CAGCCT	68	0.00331421
CTATCT	68	0.00331421
GGAATT	68	0.00331421
GGCTTC	68	0.00331421
TCCCCA	68	0.00331421
TTCTCG	68	0.00331421
TTGTGG	68	0.00331421
AAAAG	67	0.00326547
AAATTC	67	0.00326547
AAGAGG	67	0.00326547
AGGTCC	67	0.00326547
AGTAAC	67	0.00326547
ATGTAG	67	0.00326547
CATATC	67	0.00326547
CGCCTT	67	0.00326547
CTATGT	67	0.00326547
CTGTCT	67	0.00326547
TAATGA	67	0.00326547
TCACTA	67	0.00326547
TGCGCT	67	0.00326547
ACTCAA	66	0.00321674
AGTGTG	66	0.00321674
ATAGAA	66	0.00321674
ATCACC	66	0.00321674
ATCTAC	66	0.00321674
CAACAT	66	0.00321674
CTCTAC	66	0.00321674
CTTTTT	66	0.00321674
TATGCT	66	0.00321674
TCAACT	66	0.00321674
TCAGGT	66	0.00321674
TCATCC	66	0.00321674
TCCAGT	66	0.00321674
TCCCAG	66	0.00321674
TCTCAA	66	0.00321674
AAGCAT	65	0.003168
AAGTAA	65	0.003168
ACACCC	65	0.003168
ACATAG	65	0.003168
ACTTGT	65	0.003168
AT	65	0.003168
ATTCAC	65	0.003168
ATTTCG	65	0.003168
CTCGTC	65	0.003168
CTGAAA	65	0.003168
GACAAT	65	0.003168
GGGTGT	65	0.003168
TAATAC	65	0.003168
TAGTGC	65	0.003168
TCGCTA	65	0.003168
TGTAGC	65	0.003168
TTGAAC	65	0.003168
AAGTTC	64	0.00311926
ACTGGG	64	0.00311926
AGATGA	64	0.00311926
AGGCTG	64	0.00311926
ATCAGA	64	0.00311926
ATCTCT	64	0.00311926
ATGCAT	64	0.00311926
ATGGCC	64	0.00311926
CTGCCA	64	0.00311926
GATGCG	64	0.00311926
TGATAG	64	0.00311926
TGTATC	64	0.00311926
TTCGTC	64	0.00311926
AGCAAA	63	0.00307052
ATAGGT	63	0.00307052
ATTCTG	63	0.00307052
CAAACG	63	0.00307052
CAATTC	63	0.00307052
CCGTTG	63	0.00307052
CCTCAG	63	0.00307052
CGCTTC	63	0.00307052
TGATTG	63	0.00307052
TGCCCT	63	0.00307052
TGTCAA	63	0.00307052
TTACCA	63	0.00307052
AAGAAA	62	0.00302178
AAGGCG	62	0.00302178
ACACAT	62	0.00302178
ACTCTA	62	0.00302178
AGGCGT	62	0.00302178
ATCATG	62	0.00302178
CAACCT	62	0.00302178
CCCAGA	62	0.00302178
CGCGCT	62	0.00302178
CTATAG	62	0.00302178
GAATGA	62	0.00302178
GATCCG	62	0.00302178
GCACCT	62	0.00302178
GGGAAG	62	0.00302178
TACAAA	62	0.00302178
TACCTT	62	0.00302178
TAGGAG	62	0.00302178
TCAGGC	62	0.00302178
TCATTC	62	0.00302178
TGGCTT	62	0.00302178
TGGTGA	62	0.00302178
AAAAAA	61	0.00297304
AGATTC	61	0.00297304
AGGGAG	61	0.00297304
AGTTGA	61	0.00297304
ATCGCT	61	0.00297304
CGATCC	61	0.00297304
CTAAGA	61	0.00297304
GAACGC	61	0.00297304
GGATGG	61	0.00297304
TACCTA	61	0.00297304
TCTAAC	61	0.00297304
TCTACT	61	0.00297304
TCTCTG	61	0.00297304
TGATCA	61	0.00297304
TGCGAC	61	0.00297304
TTAGAA	61	0.00297304
ACCACG	60	0.00292431
ACCCTG	60	0.00292431
ATCCTC	60	0.00292431
ATCTCC	60	0.00292431
CCGTAC	60	0.00292431
CGGTGT	60	0.00292431
CTCTAT	60	0.00292431
GACTTG	60	0.00292431
TAGGCA	60	0.00292431
TGACGT	60	0.00292431
TGAGAG	60	0.00292431
AAACTA	59	0.00287557
ACCCAG	59	0.00287557
ACGAGC	59	0.00287557
AGCGAC	59	0.00287557
CAAAGG	59	0.00287557
CATCCA	59	0.00287557
CCAGAA	59	0.00287557
CTC	59	0.00287557
CTTACA	59	0.00287557
GACGGT	59	0.00287557
GGATCC	59	0.00287557
TATAGA	59	0.00287557
TATGGT	59	0.00287557
TCAGAT	59	0.00287557
TGATGA	59	0.00287557
TTAGTC	59	0.00287557
TTGAGT	59	0.00287557
TTGCTC	59	0.00287557
AACAGT	58	0.00282683
ACCAGG	58	0.00282683
ACGACG	58	0.00282683
AGACTT	58	0.00282683
AGCTCA	58	0.00282683
AGGAGG	58	0.00282683
AGGCCT	58	0.00282683
ATTGCA	58	0.00282683
CTTCCA	58	0.00282683
CTTCGG	58	0.00282683
GAAATC	58	0.00282683
GACGAC	58	0.00282683
GGATTT	58	0.00282683
TGAATA	58	0.00282683
TGGAAT	58	0.00282683
TTAGGG	58	0.00282683
AAGGTT	57	0.00277809
ACAGAT	57	0.00277809
ACGAAA	57	0.00277809
ACTTAC	57	0.00277809
ATCCAA	57	0.00277809
ATCGTT	57	0.00277809
CAAACA	57	0.00277809
CCACAC	57	0.00277809
CCGTCT	57	0.00277809
GAGTGC	57	0.00277809
GGACCT	57	0.00277809
GGAT	57	0.00277809
GGCGAT	57	0.00277809
TAACTA	57	0.00277809
TACTGG	57	0.00277809
TCCAGG	57	0.00277809
TCCTCC	57	0.00277809
TCGAGC	57	0.00277809
TGATGC	57	0.00277809
TGCACA	57	0.00277809
TGCATG	57	0.00277809
AACCTT	56	0.00272935
AACGCC	56	0.00272935
AAGATA	56	0.00272935
ACACAA	56	0.00272935
ATAATC	56	0.00272935
ATTCTC	56	0.00272935
CACTGA	56	0.00272935
GGAGCT	56	0.00272935
GTAAGA	56	0.00272935
TACACT	56	0.00272935
TAGTGT	56	0.00272935
TCTGTC	56	0.00272935
TGTGAC	56	0.00272935
TTACGG	56	0.00272935
AATTAC	55	0.00268061
ACACCG	55	0.00268061
ACTCAC	55	0.00268061
AGGGAC	55	0.00268061
ATAACA	55	0.00268061
ATCAGT	55	0.00268061
ATTGCG	55	0.00268061
CGCTCT	55	0.00268061
CTAAGT	55	0.00268061
CTAGTA	55	0.00268061
CTGTGA	55	0.00268061
GAGAGG	55	0.00268061
GATAAG	55	0.00268061
TATACT	55	0.00268061
TCATAC	55	0.00268061
TCTCGG	55	0.00268061
TGACTG	55	0.00268061
TGAGCG	55	0.00268061
TGATGT	55	0.00268061
TTCTCC	55	0.00268061
AAGCCG	54	0.00263188
ACCTTT	54	0.00263188
ACTAGA	54	0.00263188
AGGAAT	54	0.00263188
ATCCTT	54	0.00263188
CAAATC	54	0.00263188
CCGGAT	54	0.00263188
CTGCTG	54	0.00263188
TAGGTT	54	0.00263188
TATACA	54	0.00263188
TTAAAC	54	0.00263188
TTGCGG	54	0.00263188
AGCGAA	53	0.00258314
CAGGCA	53	0.00258314
CGACGA	53	0.00258314
CGTTCG	53	0.00258314
GAGCCA	53	0.00258314
GCCGAT	53	0.00258314
GGTAGA	53	0.00258314
GGTAGG	53	0.00258314
AACTAA	52	0.0025344
AAGCTT	52	0.0025344
ACTCCA	52	0.0025344
AGAATA	52	0.0025344
ATCTGT	52	0.0025344
ATGCCG	52	0.0025344
CCAGCT	52	0.0025344
CCCACA	52	0.0025344
CTATTA	52	0.0025344
GAGGAT	52	0.0025344
GATGCC	52	0.0025344
GGATCT	52	0.0025344
GGTGGT	52	0.0025344
TAAGAA	52	0.0025344
TAGGGC	52	0.0025344
TATGCA	52	0.0025344
TCTGAG	52	0.0025344
TGATCT	52	0.0025344
TGCCCA	52	0.0025344
TGCGAG	52	0.0025344
TGTCCT	52	0.0025344
TTTGTA	52	0.0025344
ACCTCC	51	0.00248566
ACCTTC	51	0.00248566
ACGCAC	51	0.00248566
ACTTGA	51	0.00248566
AGCAGC	51	0.00248566
AGCTAA	51	0.00248566
ATAGCG	51	0.00248566
ATGCTG	51	0.00248566
CAGTCC	51	0.00248566
CTTCGC	51	0.00248566
CTTGTA	51	0.00248566
GAATCA	51	0.00248566
GACAGC	51	0.00248566
GGCACA	51	0.00248566
GGCATG	51	0.00248566
GGTCGA	51	0.00248566
TACATG	51	0.00248566
TAGATG	51	0.00248566
TAGTTT	51	0.00248566
TATTAC	51	0.00248566
TCCACG	51	0.00248566
TGGGAC	51	0.00248566
TGTTAC	51	0.00248566
TTAGCA	51	0.00248566
TTCCGG	51	0.00248566
TTCGCA	51	0.00248566
TTGGCG	51	0.00248566
	50	0.00243692
AATTTG	50	0.00243692
ACAGAA	50	0.00243692
AGAAGC	50	0.00243692
ATAGTT	50	0.00243692
ATCCTA	50	0.00243692
ATTACT	50	0.00243692
ATTGTT	50	0.00243692
CGCAAG	50	0.00243692
CTAATG	50	0.00243692
GAAAAA	50	0.00243692
GACGTC	50	0.00243692
GACTGT	50	0.00243692
GAGATG	50	0.00243692
GGGTGA	50	0.00243692
GGTGCA	50	0.00243692
TACTAA	50	0.00243692
TCCTCG	50	0.00243692
TCGCTG	50	0.00243692
TTCCGC	50	0.00243692
ACGACC	49	0.00238818
AGATTG	49	0.00238818
AGTCGG	49	0.00238818
CAACGT	49	0.00238818
CATAGA	49	0.00238818
CCTCCT	49	0.00238818
CTGGAG	49	0.00238818
GACAA	49	0.00238818
GATCGG	49	0.00238818
GCTCTG	49	0.00238818
TCGAAA	49	0.00238818
TGAGTT	49	0.00238818
AAACTT	48	0.00233944
ACGATT	48	0.00233944
ACGCTT	48	0.00233944
AGACCC	48	0.00233944
AGCAAT	48	0.00233944
AGGGCA	48	0.00233944
ATAAGA	48	0.00233944
ATATAC	48	0.00233944
ATGATA	48	0.00233944
ATGGTA	48	0.00233944
ATTGGT	48	0.00233944
CTGTCC	48	0.00233944
GAAAAC	48	0.00233944
GGCCAT	48	0.00233944
TAAATG	48	0.00233944
TACGAA	48	0.00233944
TAGACG	48	0.00233944
TCACAA	48	0.00233944
TCATCA	48	0.00233944
TGAGCT	48	0.00233944
TGTTTG	48	0.00233944
TTTCGT	48	0.00233944
TTTTTC	48	0.00233944
AAATCA	47	0.00229071
ACGCCA	47	0.00229071
AGACAA	47	0.00229071
AGGCAT	47	0.00229071
AGTAGA	47	0.00229071
ATATTG	47	0.00229071
ATGTTC	47	0.00229071
CTAAAA	47	0.00229071
GAACTC	47	0.00229071
GAAGAC	47	0.00229071
TAAACT	47	0.00229071
TAATCA	47	0.00229071
TATAAC	47	0.00229071
TCGTGC	47	0.00229071
TGCAGG	47	0.00229071
TGGGTG	47	0.00229071
TGTAGA	47	0.00229071
TTTAGC	47	0.00229071
AACGGA	46	0.00224197
AAGCGC	46	0.00224197
ACGAGG	46	0.00224197
ACGCGA	46	0.00224197
AGATCT	46	0.00224197
ATATTC	46	0.00224197
ATGCCC	46	0.00224197
ATTAAC	46	0.00224197
CACGCA	46	0.00224197
CTCCAG	46	0.00224197
GAGCAG	46	0.00224197
GATAGT	46	0.00224197
GGTTCC	46	0.00224197
TCCAAA	46	0.00224197
TGAAGG	46	0.00224197
ACATCT	45	0.00219323
AGAAAA	45	0.00219323
AGCCAC	45	0.00219323
ATCCCT	45	0.00219323
ATTATG	45	0.00219323
CATAGG	45	0.00219323
CATGAG	45	0.00219323
CCTTAA	45	0.00219323
CGTGTC	45	0.00219323
CTCCCA	45	0.00219323
CTGATG	45	0.00219323
GCAAGC	45	0.00219323
TACGCG	45	0.00219323
TAGCGC	45	0.00219323
TAGTCT	45	0.00219323
TCATTG	45	0.00219323
TCCCGA	45	0.00219323
TGAAGC	45	0.00219323
TGACTT	45	0.00219323
TGCAAT	45	0.00219323
TTGACA	45	0.00219323
TTTTAG	45	0.00219323
AATCAA	44	0.00214449
ACCTCG	44	0.00214449
AGTGAA	44	0.00214449
CAAATG	44	0.00214449
CAACCC	44	0.00214449
CAGAAT	44	0.00214449
CCTTCA	44	0.00214449
GAGATT	44	0.00214449
GTGGAA	44	0.00214449
TCGGGT	44	0.00214449
TGTGCA	44	0.00214449
TGTTTA	44	0.00214449
TTTGCC	44	0.00214449
ACATGA	43	0.00209575
ACCGTC	43	0.00209575
ACGGTG	43	0.00209575
AGAGAA	43	0.00209575
AGAGCG	43	0.00209575
ATAATG	43	0.00209575
ATCTGA	43	0.00209575
CCGCAA	43	0.00209575
CTAGCC	43	0.00209575
CTCACC	43	0.00209575
CTCGTT	43	0.00209575
GAGAGT	43	0.00209575
GATGTT	43	0.00209575
GGGGTT	43	0.00209575
GTCGTG	43	0.00209575
TACCAT	43	0.00209575
TACGAT	43	0.00209575
TCACCG	43	0.00209575
TGTGGT	43	0.00209575
TTGATC	43	0.00209575
TTTGAC	43	0.00209575
AACGGG	42	0.00204701
ACACAC	42	0.00204701
ACCTAT	42	0.00204701
ACGATA	42	0.00204701
AGAGTT	42	0.00204701
ATACAA	42	0.00204701
ATACAT	42	0.00204701
ATGCGC	42	0.00204701
CAAGCG	42	0.00204701
CATACA	42	0.00204701
CATATG	42	0.00204701
CATCTG	42	0.00204701
CGATGT	42	0.00204701
CTGAGC	42	0.00204701
GAAGTT	42	0.00204701
GACTCG	42	0.00204701
GGGACA	42	0.00204701
TATGCG	42	0.00204701
TATGTT	42	0.00204701
TCGTC	42	0.00204701
TGACT	42	0.00204701
TGCCGT	42	0.00204701
TGGTTT	42	0.00204701
TTCGGT	42	0.00204701
TTCTAG	42	0.00204701
TTGTCC	42	0.00204701
TTTGCT	42	0.00204701
AAAGGG	41	0.00199828
ACACTT	41	0.00199828
ACCTGG	41	0.00199828
AGGGGT	41	0.00199828
ATAGTA	41	0.00199828
ATCACT	41	0.00199828
ATGTGC	41	0.00199828
ATTTAC	41	0.00199828
CAAGCT	41	0.00199828
CATTGT	41	0.00199828
CCTGAC	41	0.00199828
CGGTCA	41	0.00199828
CGGTTG	41	0.00199828
CTTATA	41	0.00199828
GATGGG	41	0.00199828
GCCTCT	41	0.00199828
TAAAAA	41	0.00199828
TAGTGA	41	0.00199828
TATTGG	41	0.00199828
TCCGTA	41	0.00199828
TGTTCA	41	0.00199828
TGTTGT	41	0.00199828
AAATGT	40	0.00194954
AATATC	40	0.00194954
AATCTA	40	0.00194954
ACAGGC	40	0.00194954
AGCCCA	40	0.00194954
AGTAGT	40	0.00194954
AGTATG	40	0.00194954
ATCTCA	40	0.00194954
ATGGAA	40	0.00194954
CACCAC	40	0.00194954
CATCTA	40	0.00194954
CCCTCT	40	0.00194954
CGAAGC	40	0.00194954
CGCGAA	40	0.00194954
CTAGAC	40	0.00194954
CTAGCT	40	0.00194954
GGCTCT	40	0.00194954
GTGCGT	40	0.00194954
TATCG	40	0.00194954
TCGATG	40	0.00194954
TCGTTC	40	0.00194954
TTACTA	40	0.00194954
TTAGCG	40	0.00194954
TTGCGC	40	0.00194954
AAAGTT	39	0.0019008
AAATGA	39	0.0019008
ACCCAC	39	0.0019008
ACGTTT	39	0.0019008
AGCATT	39	0.0019008
AGCGCT	39	0.0019008
CACATA	39	0.0019008
CACGTC	39	0.0019008
CTCAAG	39	0.0019008
CTGATT	39	0.0019008
CTGTAT	39	0.0019008
CTTGTC	39	0.0019008
GGAACG	39	0.0019008
GGCACT	39	0.0019008
TACTGT	39	0.0019008
TAGCGA	39	0.0019008
TCGAGA	39	0.0019008
TCTACA	39	0.0019008
TGGAGG	39	0.0019008
TGGTAA	39	0.0019008
TGGTGC	39	0.0019008
TGTCAG	39	0.0019008
TTAGCT	39	0.0019008
TTATTG	39	0.0019008
TTGCAA	39	0.0019008
AAATCT	38	0.00185206
AAGAGA	38	0.00185206
AATCAT	38	0.00185206
ACAGCA	38	0.00185206
ACATAC	38	0.00185206
AGCTAT	38	0.00185206
AGCTTG	38	0.00185206
ATGAAA	38	0.00185206
ATGTTT	38	0.00185206
CACATG	38	0.00185206
CACCCT	38	0.00185206
CATCAC	38	0.00185206
CCACAT	38	0.00185206
CCACCA	38	0.00185206
CTACGA	38	0.00185206
CTGGAT	38	0.00185206
CTGTCG	38	0.00185206
GAAGA	38	0.00185206
GACCGT	38	0.00185206
GAGCTT	38	0.00185206
TACAGG	38	0.00185206
TACATA	38	0.00185206
TATCAA	38	0.00185206
TTAATC	38	0.00185206
TTCCCG	38	0.00185206
AATAGA	37	0.00180332
ACGTAA	37	0.00180332
ACGTCC	37	0.00180332
AGCCTG	37	0.00180332
AGGTTG	37	0.00180332
ATCTTG	37	0.00180332
CAGAGT	37	0.00180332
CCTTAT	37	0.00180332
CGCACA	37	0.00180332
CGTGGA	37	0.00180332
CTACCG	37	0.00180332
CTAGTT	37	0.00180332
CTCTGG	37	0.00180332
CTGTAA	37	0.00180332
GAACCC	37	0.00180332
GACCTA	37	0.00180332
GATCTT	37	0.00180332
GTG	37	0.00180332
TCGTAG	37	0.00180332
TGGTGG	37	0.00180332
TGTAAG	37	0.00180332
TTCCTA	37	0.00180332
AATTAG	36	0.00175458
AATTCA	36	0.00175458
ACCAAT	36	0.00175458
ACCCGA	36	0.00175458
AGAAG	36	0.00175458
AGTGTA	36	0.00175458
ATGAGA	36	0.00175458
CCCCAA	36	0.00175458
CCCGTA	36	0.00175458
CCTTTA	36	0.00175458
CGGATC	36	0.00175458
CGGTAG	36	0.00175458
CGTTGC	36	0.00175458
CTG	36	0.00175458
GAAACC	36	0.00175458
GAGGGT	36	0.00175458
GCAACA	36	0.00175458
GGCTCA	36	0.00175458
TAAGTT	36	0.00175458
TACGGC	36	0.00175458
TCCGCA	36	0.00175458
TCTAGG	36	0.00175458
TCTGAA	36	0.00175458
TGAGGC	36	0.00175458
TGCTTA	36	0.00175458
TGGCGT	36	0.00175458
TTGTTG	36	0.00175458
AACTTA	35	0.00170585
AATGAA	35	0.00170585
ACCTA	35	0.00170585
ACCTTA	35	0.00170585
ACGTTA	35	0.00170585
AGGGCT	35	0.00170585
AGGTAT	35	0.00170585
AGTCAT	35	0.00170585
AGTTCT	35	0.00170585
ATAGGG	35	0.00170585
ATCCGC	35	0.00170585
ATGTCG	35	0.00170585
ATTACA	35	0.00170585
CACAAG	35	0.00170585
CACACC	35	0.00170585
CAGAAA	35	0.00170585
CCAGGA	35	0.00170585
CCGCTT	35	0.00170585
CCTGCT	35	0.00170585
CGTAGG	35	0.00170585
CTAATA	35	0.00170585
CTTTCA	35	0.00170585
GATCA	35	0.00170585
TACGAG	35	0.00170585
TATGGA	35	0.00170585
TCAGAA	35	0.00170585
TCCGAT	35	0.00170585
TGATTC	35	0.00170585
TTATAC	35	0.00170585
TTGTAC	35	0.00170585
AAAATA	34	0.00165711
AAGTTA	34	0.00165711
AGCCTC	34	0.00165711
ATGAGC	34	0.00165711
CACAAA	34	0.00165711
CATAAC	34	0.00165711
CATAAG	34	0.00165711
CATCGC	34	0.00165711
CGCTGA	34	0.00165711
CTCGAG	34	0.00165711
CTTCAA	34	0.00165711
CTTCCC	34	0.00165711
GAATCT	34	0.00165711
GCGCTA	34	0.00165711
TCCGCT	34	0.00165711
TGATAA	34	0.00165711
TGGGGA	34	0.00165711
ACATCC	33	0.00160837
ACCTGC	33	0.00160837
ACTACA	33	0.00160837
ACTGCA	33	0.00160837
ACTGCC	33	0.00160837
AGATGC	33	0.00160837
AGCGGA	33	0.00160837
ATAGCT	33	0.00160837
CAAAAG	33	0.00160837
CAATAG	33	0.00160837
CATCAA	33	0.00160837
CCCTCA	33	0.00160837
CGACTC	33	0.00160837
CTAGGC	33	0.00160837
CTGTTC	33	0.00160837
GGACGA	33	0.00160837
GTGACG	33	0.00160837
TCAAGT	33	0.00160837
TCCTAT	33	0.00160837
TCTATG	33	0.00160837
TGCTGT	33	0.00160837
TGGCAC	33	0.00160837
TTAGTA	33	0.00160837
TTCATA	33	0.00160837
TTCCCA	33	0.00160837
TTCCCC	33	0.00160837
AACAAT	32	0.00155963
AGCTTT	32	0.00155963
ATAACT	32	0.00155963
ATGAAT	32	0.00155963
CACCAG	32	0.00155963
CAGGCT	32	0.00155963
CCTAAA	32	0.00155963
CGACAT	32	0.00155963
GGCTGT	32	0.00155963
TAGCCT	32	0.00155963
TATGAG	32	0.00155963
TATTTG	32	0.00155963
TCAATG	32	0.00155963
TCCAAC	32	0.00155963
TCCGTC	32	0.00155963
TCGATT	32	0.00155963
TGAGCC	32	0.00155963
TGTCC	32	0.00155963
TTAAGT	32	0.00155963
TTCCAT	32	0.00155963
TTTCGC	32	0.00155963
AATTTC	31	0.00151089
ACAAAA	31	0.00151089
ACCAGT	31	0.00151089
AGGACG	31	0.00151089
AGGCAG	31	0.00151089
AGTCAA	31	0.00151089
ATTAGT	31	0.00151089
CAAAGA	31	0.00151089
CAACTC	31	0.00151089
CACGTG	31	0.00151089
CTCAGA	31	0.00151089
CTCCGA	31	0.00151089
GAAGGC	31	0.00151089
GAAGGG	31	0.00151089
GATCGT	31	0.00151089
GGCAGA	31	0.00151089
GTCGGA	31	0.00151089
TCGCGT	31	0.00151089
TCTATA	31	0.00151089
TGCTTT	31	0.00151089
TGGAGT	31	0.00151089
TTAATG	31	0.00151089
AAAAAT	30	0.00146215
AACGGC	30	0.00146215
AACTAT	30	0.00146215
AAGTTT	30	0.00146215
AATCTT	30	0.00146215
ACCAGC	30	0.00146215
ACGCAG	30	0.00146215
ACGGAC	30	0.00146215
AGCGCA	30	0.00146215
AGCGTC	30	0.00146215
ATTCGG	30	0.00146215
ATTTGC	30	0.00146215
CCTACG	30	0.00146215
GAGTTC	30	0.00146215
GATGAT	30	0.00146215
GATGGC	30	0.00146215
GCCATC	30	0.00146215
TAATTG	30	0.00146215
TACGCT	30	0.00146215
TCACGC	30	0.00146215
TCATGG	30	0.00146215
TCCTTA	30	0.00146215
TCGCAT	30	0.00146215
TCGGAC	30	0.00146215
TCTGGA	30	0.00146215
TGAGAT	30	0.00146215
TTCTGT	30	0.00146215
TTGCCA	30	0.00146215
TTGCGT	30	0.00146215
TTTCTC	30	0.00146215
AAAGGT	29	0.00141341
AACGGT	29	0.00141341
AAGCGA	29	0.00141341
AAGTCT	29	0.00141341
AATGCT	29	0.00141341
AATGTT	29	0.00141341
ACAATA	29	0.00141341
ACACGC	29	0.00141341
ACTTTG	29	0.00141341
AGCGGT	29	0.00141341
AGTTAA	29	0.00141341
ATCTTA	29	0.00141341
CAATTA	29	0.00141341
CACCCA	29	0.00141341
CACTTG	29	0.00141341
CAG	29	0.00141341
CCGCAT	29	0.00141341
CGAACC	29	0.00141341
CGACCT	29	0.00141341
CGGAAC	29	0.00141341
CGTCGA	29	0.00141341
CTAGGT	29	0.00141341
CTCACG	29	0.00141341
CTCCTA	29	0.00141341
CTCTTT	29	0.00141341
GAAAAT	29	0.00141341
GAACTA	29	0.00141341
GAATAC	29	0.00141341
GACTTT	29	0.00141341
GAGTAT	29	0.00141341
GATGGA	29	0.00141341
GCGACT	29	0.00141341
TAATCT	29	0.00141341
TACCGT	29	0.00141341
TAGCCA	29	0.00141341
TATCAT	29	0.00141341
TCGCAC	29	0.00141341
TTGCCC	29	0.00141341
TTTAAC	29	0.00141341
ACATGT	28	0.00136468
ACCC	28	0.00136468
AGCAGG	28	0.00136468
AGCCGA	28	0.00136468
AGGGAA	28	0.00136468
AGGTC	28	0.00136468
ATAAGT	28	0.00136468
ATCATA	28	0.00136468
ATGCG	28	0.00136468
ATGGGC	28	0.00136468
CAACGA	28	0.00136468
CAC	28	0.00136468
CATGAA	28	0.00136468
CCGTGA	28	0.00136468
CGCCAT	28	0.00136468
CTCCAC	28	0.00136468
CTTCAT	28	0.00136468
GATTAC	28	0.00136468
GGATGC	28	0.00136468
GGCTAG	28	0.00136468
GGTTGG	28	0.00136468
GTGCAG	28	0.00136468
TAAGGT	28	0.00136468
TACTTA	28	0.00136468
TATATA	28	0.00136468
TCCATA	28	0.00136468
TCGGTG	28	0.00136468
TGAACG	28	0.00136468
TGGAAG	28	0.00136468
TTGTCA	28	0.00136468
AAC	27	0.00131594
AAGAAT	27	0.00131594
AATAAA	27	0.00131594
ACCTAA	27	0.00131594
ACG	27	0.00131594
ACGCTC	27	0.00131594
ACGGCT	27	0.00131594
ACTCGG	27	0.00131594
AGAGAT	27	0.00131594
AGCTTA	27	0.00131594
AGGATG	27	0.00131594
ATTTAG	27	0.00131594
ATTTGT	27	0.00131594
CAACCA	27	0.00131594
CAACGG	27	0.00131594
CATGAT	27	0.00131594
CGAGAT	27	0.00131594
CGAGTG	27	0.00131594
CGGACA	27	0.00131594
CGTCCA	27	0.00131594
CTATAA	27	0.00131594
GAATGC	27	0.00131594
GACAGG	27	0.00131594
GACGTA	27	0.00131594
GAGTCT	27	0.00131594
GATAAT	27	0.00131594
GCAACC	27	0.00131594
GCCTTC	27	0.00131594
GCGGAA	27	0.00131594
GTAGGC	27	0.00131594
TAAAGT	27	0.00131594
TATTAG	27	0.00131594
TCAAAA	27	0.00131594
TCTCCG	27	0.00131594
TGCTA	27	0.00131594
TGGATT	27	0.00131594
TTTAAG	27	0.00131594
TTTCTG	27	0.00131594
AAGGAT	26	0.0012672
ACCCTT	26	0.0012672
AGACGG	26	0.0012672
ATCCCC	26	0.0012672
ATTATC	26	0.0012672
ATTGGA	26	0.0012672
CAACTT	26	0.0012672
CACAAT	26	0.0012672
CACTAC	26	0.0012672
CCATCC	26	0.0012672
CCCTAG	26	0.0012672
G	26	0.0012672
GAC	26	0.0012672
GACCTG	26	0.0012672
GAGTGG	26	0.0012672
GGTTCG	26	0.0012672
TAAATA	26	0.0012672
TAGAAA	26	0.0012672
TATAGT	26	0.0012672
TCCGGT	26	0.0012672
TCCTGG	26	0.0012672
TGACAT	26	0.0012672
TGAGAA	26	0.0012672
TGCATT	26	0.0012672
TTCTTC	26	0.0012672
TTTCAC	26	0.0012672
AAAATT	25	0.00121846
ACAATT	25	0.00121846
ACAGGT	25	0.00121846
AGGATT	25	0.00121846
ATACTA	25	0.00121846
ATCTAA	25	0.00121846
ATGTAA	25	0.00121846
ATTGTA	25	0.00121846
CAATCA	25	0.00121846
CACTCA	25	0.00121846
CAGCCA	25	0.00121846
CAGTCT	25	0.00121846
CCAAGC	25	0.00121846
CCCCAT	25	0.00121846
CCTCGT	25	0.00121846
CCTGGT	25	0.00121846
CGGAGA	25	0.00121846
CTACTA	25	0.00121846
CTGACG	25	0.00121846
CTGGTG	25	0.00121846
GAAATA	25	0.00121846
GATAAA	25	0.00121846
GGTGAC	25	0.00121846
GTCGAT	25	0.00121846
GTGTGT	25	0.00121846
TAAGAT	25	0.00121846
TATATG	25	0.00121846
TATCGG	25	0.00121846
TCTGAT	25	0.00121846
TCTTGC	25	0.00121846
TGACCG	25	0.00121846
TGCCAA	25	0.00121846
TGGGGT	25	0.00121846
TTCTCA	25	0.00121846
AATGAT	24	0.00116972
ACCGGT	24	0.00116972
ACGTGC	24	0.00116972
ACTAAC	24	0.00116972
ACTATT	24	0.00116972
ACTTCT	24	0.00116972
AGCGAG	24	0.00116972
AGCGTT	24	0.00116972
AGCTCG	24	0.00116972
AGGGTA	24	0.00116972
AGTGTT	24	0.00116972
ATCCGG	24	0.00116972
ATCTAT	24	0.00116972
ATGCTC	24	0.00116972
ATTAGA	24	0.00116972
CCTCTA	24	0.00116972
CGATAG	24	0.00116972
GAAT	24	0.00116972
GACGAG	24	0.00116972
GATATC	24	0.00116972
GATTGG	24	0.00116972
GCAACG	24	0.00116972
TAAGGG	24	0.00116972
TATGAA	24	0.00116972
TCCTGA	24	0.00116972
TGCTGG	24	0.00116972
TGGACG	24	0.00116972
ACAGCG	23	0.00112098
ACCGAC	23	0.00112098
AGAAAT	23	0.00112098
AGGAGC	23	0.00112098
AGGTCT	23	0.00112098
AGTATC	23	0.00112098
AGTCTC	23	0.00112098
ATAAAA	23	0.00112098
ATACTT	23	0.00112098
ATGTCT	23	0.00112098
ATTGCT	23	0.00112098
CAAGCA	23	0.00112098
CAGTAC	23	0.00112098
CCACTG	23	0.00112098
CCCGTT	23	0.00112098
CGTCAG	23	0.00112098
CGTCGT	23	0.00112098
CTAGCA	23	0.00112098
CTCATT	23	0.00112098
CTGTGG	23	0.00112098
GAGTT	23	0.00112098
GATAGC	23	0.00112098
GATTCT	23	0.00112098
GGAATC	23	0.00112098
GTATGG	23	0.00112098
GTGTCC	23	0.00112098
TACCTG	23	0.00112098
TCAATA	23	0.00112098
TCATGA	23	0.00112098
TCGGCT	23	0.00112098
TCTCTT	23	0.00112098
TTACAA	23	0.00112098
TTATCG	23	0.00112098
TTCACA	23	0.00112098
TTTGGG	23	0.00112098
AAGGGA	22	0.00107225
AGTCCG	22	0.00107225
ATATCA	22	0.00107225
ATCCG	22	0.00107225
ATGGGT	22	0.00107225
CAAAGT	22	0.00107225
CACAGA	22	0.00107225
CACTAT	22	0.00107225
CACTGT	22	0.00107225
CATTTT	22	0.00107225
CCAGTG	22	0.00107225
CCCCTT	22	0.00107225
CCTCCA	22	0.00107225
CGTTTG	22	0.00107225
CTCGCC	22	0.00107225
CTGTAG	22	0.00107225
CTGTTA	22	0.00107225
CTTTTC	22	0.00107225
GGACAC	22	0.00107225
GGGCTA	22	0.00107225
GTGGTG	22	0.00107225
TATTTC	22	0.00107225
TCACTT	22	0.00107225
TCCCGT	22	0.00107225
TCGTCG	22	0.00107225
TCTGTA	22	0.00107225
TCTTGA	22	0.00107225
TGC	22	0.00107225
TTGGAT	22	0.00107225
TTGGTT	22	0.00107225
TTGTTA	22	0.00107225
AACATT	21	0.00102351
AACTTT	21	0.00102351
ACAGCC	21	0.00102351
ACCATT	21	0.00102351
ACCTGA	21	0.00102351
AGTCTA	21	0.00102351
AGTGGG	21	0.00102351
ATCAAA	21	0.00102351
ATGGCA	21	0.00102351
ATTTCA	21	0.00102351
CAATCG	21	0.00102351
CACGTA	21	0.00102351
CAGAGC	21	0.00102351
CAGGAC	21	0.00102351
CATGCC	21	0.00102351
CTCTAA	21	0.00102351
GAGGCC	21	0.00102351
GATTGA	21	0.00102351
GATTTG	21	0.00102351
GCA	21	0.00102351
GGAGAG	21	0.00102351
GGAGCA	21	0.00102351
GGCTGA	21	0.00102351
GTACGG	21	0.00102351
TAGAAT	21	0.00102351
TCG	21	0.00102351
TGAAAA	21	0.00102351
TGAGCA	21	0.00102351
TGGAC	21	0.00102351
TGGTCG	21	0.00102351
TGTGAA	21	0.00102351
TGTGTT	21	0.00102351
TTATGA	21	0.00102351
TTGATA	21	0.00102351
TTTAGT	21	0.00102351
TTTTGG	21	0.00102351
ACGAAT	20	0.000974769
ACTGAA	20	0.000974769
ACTGTT	20	0.000974769
AGATAA	20	0.000974769
AGTGAT	20	0.000974769
ATATGT	20	0.000974769
ATGCCA	20	0.000974769
ATGGAT	20	0.000974769
CAAACT	20	0.000974769
CAAATA	20	0.000974769
CAAGAC	20	0.000974769
CACCGT	20	0.000974769
CACCTC	20	0.000974769
CATC	20	0.000974769
CCATGG	20	0.000974769
CCGAGT	20	0.000974769
CCTAGA	20	0.000974769
CCTAGC	20	0.000974769
CTACCA	20	0.000974769
CTTCGT	20	0.000974769
GAAGCC	20	0.000974769
GACCCC	20	0.000974769
GCAACT	20	0.000974769
GCATCA	20	0.000974769
GCTTGC	20	0.000974769
GGGATG	20	0.000974769
GGGTAG	20	0.000974769
GGTACG	20	0.000974769
GTGACT	20	0.000974769
GTTGCC	20	0.000974769
TAACAT	20	0.000974769
TCGTCC	20	0.000974769
TCTCGT	20	0.000974769
TGCGGT	20	0.000974769
TGCGT	20	0.000974769
TTATGC	20	0.000974769
TTTCAG	20	0.000974769
TTTTGA	20	0.000974769
AAGCGG	19	0.00092603
ACCCCC	19	0.00092603
ACTTCA	19	0.00092603
ATAATA	19	0.00092603
ATTAAA	19	0.00092603
CAGATG	19	0.00092603
CAGGTG	19	0.00092603
CATACG	19	0.00092603
CATCAT	19	0.00092603
CGTGTT	19	0.00092603
GAAAGC	19	0.00092603
GACTGC	19	0.00092603
GAGGCG	19	0.00092603
GAGGT	19	0.00092603
GTCTTC	19	0.00092603
TAATTA	19	0.00092603
TAGTCG	19	0.00092603
TATAAA	19	0.00092603
TCAGT	19	0.00092603
TCATCT	19	0.00092603
TCGCGA	19	0.00092603
TCGTGT	19	0.00092603
TGAATG	19	0.00092603
TGCAGC	19	0.00092603
TGGGTC	19	0.00092603
TTCCAA	19	0.00092603
TTCTAA	19	0.00092603
TTGCCG	19	0.00092603
TTTCTA	19	0.00092603
A	18	0.000877292
AAGCA	18	0.000877292
AAGGGG	18	0.000877292
AATGTA	18	0.000877292
AATTGT	18	0.000877292
ACAGTT	18	0.000877292
ACGTCT	18	0.000877292
ATAAAT	18	0.000877292
ATCAAT	18	0.000877292
ATGGGA	18	0.000877292
ATTCAT	18	0.000877292
ATTCTA	18	0.000877292
CACGAC	18	0.000877292
CACGGT	18	0.000877292
CCAAAA	18	0.000877292
CCACCT	18	0.000877292
CCATAT	18	0.000877292
CCCAAC	18	0.000877292
CGGAAG	18	0.000877292
CTATCG	18	0.000877292
CTCGTA	18	0.000877292
CTGGCA	18	0.000877292
CTTAGT	18	0.000877292
CTTCCG	18	0.000877292
CTTGGG	18	0.000877292
GAAATT	18	0.000877292
GAGACG	18	0.000877292
GATTCC	18	0.000877292
GCTGTC	18	0.000877292
GGACAG	18	0.000877292
GGATAC	18	0.000877292
GGTACA	18	0.000877292
GGTACT	18	0.000877292
GTA	18	0.000877292
TATTCA	18	0.000877292
TCTTAG	18	0.000877292
TCTTCG	18	0.000877292
TGTAAT	18	0.000877292
TTCAG	18	0.000877292
TTCGC	18	0.000877292
TTGCCT	18	0.000877292
TTGGAA	18	0.000877292
TTTTCC	18	0.000877292
AATCGG	17	0.000828553
ACGAT	17	0.000828553
ACGCAT	17	0.000828553
AGC	17	0.000828553
AGG	17	0.000828553
AGTCTG	17	0.000828553
ATGCTT	17	0.000828553
ATGGCT	17	0.000828553
CAATGT	17	0.000828553
CATGCG	17	0.000828553
CCTTGG	17	0.000828553
CGAATG	17	0.000828553
CGAGTC	17	0.000828553
CGCCAA	17	0.000828553
CGTCAC	17	0.000828553
CTACGG	17	0.000828553
CTATGA	17	0.000828553
CTATGC	17	0.000828553
GACGGA	17	0.000828553
GGATTA	17	0.000828553
GGCCTA	17	0.000828553
GGGTTG	17	0.000828553
GTCCAA	17	0.000828553
T	17	0.000828553
TAATAA	17	0.000828553
TACAC	17	0.000828553
TAGCG	17	0.000828553
TCGCAG	17	0.000828553
TCGCCT	17	0.000828553
TCGGGA	17	0.000828553
TCGTTA	17	0.000828553
TCTTGT	17	0.000828553
TGAAGT	17	0.000828553
TGCCAG	17	0.000828553
TGTGT	17	0.000828553
TGTTAT	17	0.000828553
TTACAT	17	0.000828553
TTAGAT	17	0.000828553
TTGCTT	17	0.000828553
TTGTCG	17	0.000828553
TTGTGA	17	0.000828553
TTTACT	17	0.000828553
TTTAGA	17	0.000828553
TTTGCG	17	0.000828553
AAGC	16	0.000779815
AATATA	16	0.000779815
ACATCA	16	0.000779815
ACGTG	16	0.000779815
AGGTTT	16	0.000779815
AGTTTA	16	0.000779815
ATGGGG	16	0.000779815
ATTGGG	16	0.000779815
ATTTTC	16	0.000779815
CAAAAA	16	0.000779815
CAAATT	16	0.000779815
CAACCG	16	0.000779815
CAAGTA	16	0.000779815
CAAGTT	16	0.000779815
CAATCT	16	0.000779815
CACAGC	16	0.000779815
CACGTT	16	0.000779815
CAGACC	16	0.000779815
CAGGAT	16	0.000779815
CAGTGA	16	0.000779815
CCCAGT	16	0.000779815
CCCATC	16	0.000779815
CCT	16	0.000779815
CCTGCA	16	0.000779815
CGA	16	0.000779815
CGAATA	16	0.000779815
CGACCC	16	0.000779815
CGCAGT	16	0.000779815
CGTGCA	16	0.000779815
CTGGGT	16	0.000779815
CTTAGC	16	0.000779815
CTTGCC	16	0.000779815
CTTGGC	16	0.000779815
CTTTCC	16	0.000779815
GAGCTA	16	0.000779815
GAGTAG	16	0.000779815
GCACCA	16	0.000779815
GCC	16	0.000779815
GGATTG	16	0.000779815
GGGGGA	16	0.000779815
TA	16	0.000779815
TACAAT	16	0.000779815
TAGGTA	16	0.000779815
TAGTC	16	0.000779815
TATCGT	16	0.000779815
TATGGC	16	0.000779815
TCCGAG	16	0.000779815
TCCTCT	16	0.000779815
TCGACG	16	0.000779815
TGGGAA	16	0.000779815
TGGGTT	16	0.000779815
TTATAG	16	0.000779815
TTCCG	16	0.000779815
TTGCAC	16	0.000779815
TTTACA	16	0.000779815
TTTCCC	16	0.000779815
AAATAA	15	0.000731076
AAATTA	15	0.000731076
AAGGGC	15	0.000731076
ACAAAT	15	0.000731076
ACTTCG	15	0.000731076
AGATTA	15	0.000731076
AGTAAA	15	0.000731076
ATATGA	15	0.000731076
CAAAAT	15	0.000731076
CAAGGT	15	0.000731076
CAGACG	15	0.000731076
CATAGC	15	0.000731076
CATGTA	15	0.000731076
CATTGA	15	0.000731076
CCATAA	15	0.000731076
CGATAC	15	0.000731076
CGGGAA	15	0.000731076
CGTGCT	15	0.000731076
CTATAT	15	0.000731076
CTCATG	15	0.000731076
CTTATT	15	0.000731076
CTTCTT	15	0.000731076
CTTTGA	15	0.000731076
GAATTA	15	0.000731076
GACAT	15	0.000731076
GAGTGA	15	0.000731076
GATACC	15	0.000731076
GCACGT	15	0.000731076
GCATGT	15	0.000731076
GGCAAC	15	0.000731076
GTACTG	15	0.000731076
GTCATG	15	0.000731076
GTTGTG	15	0.000731076
TACTAT	15	0.000731076
TAGGC	15	0.000731076
TCCCCT	15	0.000731076
TCGAAG	15	0.000731076
TCTGCT	15	0.000731076
TCTTCT	15	0.000731076
TGGGAG	15	0.000731076
TTAACA	15	0.000731076
AAA	14	0.000682338
AATGGG	14	0.000682338
AATTGA	14	0.000682338
AC	14	0.000682338
ACAGGG	14	0.000682338
ACGGTC	14	0.000682338
ACGTCA	14	0.000682338
AGGGA	14	0.000682338
AGTAAT	14	0.000682338
AGTAGC	14	0.000682338
ATATTA	14	0.000682338
ATC	14	0.000682338
ATTAGC	14	0.000682338
ATTTCT	14	0.000682338
CACTAA	14	0.000682338
CACTCC	14	0.000682338
CAGTAA	14	0.000682338
CATATA	14	0.000682338
CATGAC	14	0.000682338
CCGTCA	14	0.000682338
CCTACT	14	0.000682338
CGAAAC	14	0.000682338
CGACAA	14	0.000682338
CTAGC	14	0.000682338
CTAGGG	14	0.000682338
CTTA	14	0.000682338
GAGGGC	14	0.000682338
GAGTTA	14	0.000682338
GATCTG	14	0.000682338
GATGTG	14	0.000682338
GCCATG	14	0.000682338
GCGCAT	14	0.000682338
GCTCCA	14	0.000682338
GGCTAC	14	0.000682338
GGTACC	14	0.000682338
GGTTCA	14	0.000682338
GTATCA	14	0.000682338
GTCTCT	14	0.000682338
GTGATC	14	0.000682338
GTGTGG	14	0.000682338
GTTACG	14	0.000682338
GTTCCT	14	0.000682338
TAGATT	14	0.000682338
TAGTTA	14	0.000682338
TATCC	14	0.000682338
TCCATT	14	0.000682338
TCCG	14	0.000682338
TCCTTT	14	0.000682338
TCGTT	14	0.000682338
TCTAAA	14	0.000682338
TGTAAA	14	0.000682338
TTATGT	14	0.000682338
TTTTTG	14	0.000682338
AAG	13	0.0006336
AAGATT	13	0.0006336
ACTCCC	13	0.0006336
AGATTT	13	0.0006336
AGGG	13	0.0006336
ATCATT	13	0.0006336
CAACTA	13	0.0006336
CAAGGA	13	0.0006336
CACACG	13	0.0006336
CAGGAG	13	0.0006336
CATGCT	13	0.0006336
CATTCA	13	0.0006336
CCATCA	13	0.0006336
CCC	13	0.0006336
CCCGAA	13	0.0006336
CCTACC	13	0.0006336
CCTTCC	13	0.0006336
CGAAAT	13	0.0006336
CGACAG	13	0.0006336
CGAGGT	13	0.0006336
CGATAA	13	0.0006336
CGATTG	13	0.0006336
CGCAAC	13	0.0006336
CGGTTC	13	0.0006336
CTGAGA	13	0.0006336
CTTAAA	13	0.0006336
CTTTAG	13	0.0006336
GAATAA	13	0.0006336
GCAAGG	13	0.0006336
GCCAAG	13	0.0006336
GCCCCA	13	0.0006336
GCTCGA	13	0.0006336
GGAGGC	13	0.0006336
GGAGTG	13	0.0006336
GGCGTA	13	0.0006336
GGGCAA	13	0.0006336
GTAACA	13	0.0006336
GTAGTG	13	0.0006336
GTTAGG	13	0.0006336
TAAGC	13	0.0006336
TAGAT	13	0.0006336
TATGTA	13	0.0006336
TCCCTA	13	0.0006336
TCCGCC	13	0.0006336
TCGAAT	13	0.0006336
TGAGGG	13	0.0006336
TGCCGC	13	0.0006336
TGGATG	13	0.0006336
TTAACT	13	0.0006336
TTCAAA	13	0.0006336
TTCACT	13	0.0006336
TTGAAT	13	0.0006336
TTGGCT	13	0.0006336
TTGGGC	13	0.0006336
AATGGC	12	0.000584861
ACCCCG	12	0.000584861
ACTCC	12	0.000584861
AGATAT	12	0.000584861
AGCAC	12	0.000584861
AGGGTG	12	0.000584861
AGTCGC	12	0.000584861
AGTCTT	12	0.000584861
ATATAT	12	0.000584861
ATGATT	12	0.000584861
ATGTTA	12	0.000584861
ATTCAA	12	0.000584861
ATTGAA	12	0.000584861
ATTGGC	12	0.000584861
CAGCAC	12	0.000584861
CATCCC	12	0.000584861
CATGTC	12	0.000584861
CCAACG	12	0.000584861
CCACGT	12	0.000584861
CCGAAC	12	0.000584861
CCGAAG	12	0.000584861
CCGACA	12	0.000584861
CCGCTA	12	0.000584861
CCGGAA	12	0.000584861
CCTATT	12	0.000584861
CCTTGC	12	0.000584861
CGAAAA	12	0.000584861
CGAGAA	12	0.000584861
CGATGG	12	0.000584861
CGCTTA	12	0.000584861
CGGATA	12	0.000584861
CGGCCT	12	0.000584861
CTAAG	12	0.000584861
CTAGG	12	0.000584861
GATCAC	12	0.000584861
GCAAAA	12	0.000584861
GCCCTT	12	0.000584861
GCTGCA	12	0.000584861
GCTGTG	12	0.000584861
GGAAAC	12	0.000584861
GGCATC	12	0.000584861
GGGGCA	12	0.000584861
GTAATA	12	0.000584861
GTAGAG	12	0.000584861
TACCC	12	0.000584861
TCAGC	12	0.000584861
TCGTG	12	0.000584861
TCTCC	12	0.000584861
TCTTTC	12	0.000584861
TGCCCC	12	0.000584861
TGCCTG	12	0.000584861
TGGCAT	12	0.000584861
TGGCCC	12	0.000584861
TGTATA	12	0.000584861
TGTCA	12	0.000584861
TGTCTT	12	0.000584861
TTACTT	12	0.000584861
TTGATT	12	0.000584861
AACAG	11	0.000536123
AAGGA	11	0.000536123
AAGGGT	11	0.000536123
AATATT	11	0.000536123
ACA	11	0.000536123
ACATAA	11	0.000536123
ACATTA	11	0.000536123
ACATTT	11	0.000536123
ACGGGA	11	0.000536123
ACTAAA	11	0.000536123
ATACG	11	0.000536123
ATGCC	11	0.000536123
ATTCG	11	0.000536123
ATTTTT	11	0.000536123
CAGAGG	11	0.000536123
CAGATT	11	0.000536123
CAGGTA	11	0.000536123
CATCTT	11	0.000536123
CCCTGA	11	0.000536123
CCTAAT	11	0.000536123
CCTCAC	11	0.000536123
CCTGTT	11	0.000536123
CGCCTA	11	0.000536123
CGGTTT	11	0.000536123
CGTAGA	11	0.000536123
CT	11	0.000536123
CTAAAT	11	0.000536123
CTACCT	11	0.000536123
CTATTT	11	0.000536123
CTCTGC	11	0.000536123
CTGCGA	11	0.000536123
CTGCTT	11	0.000536123
CTTCCT	11	0.000536123
GAAGAG	11	0.000536123
GAAGTA	11	0.000536123
GATATA	11	0.000536123
GATCTA	11	0.000536123
GATTTC	11	0.000536123
GCAATG	11	0.000536123
GCCTCA	11	0.000536123
GCGATG	11	0.000536123
GCTCTC	11	0.000536123
GGACTC	11	0.000536123
GGCAAG	11	0.000536123
GGGATA	11	0.000536123
TAAAAT	11	0.000536123
TAACTT	11	0.000536123
TACAGT	11	0.000536123
TACATT	11	0.000536123
TATTGT	11	0.000536123
TCCCAC	11	0.000536123
TCCCCC	11	0.000536123
TCGTAT	11	0.000536123
TCGTCT	11	0.000536123
TGAAAT	11	0.000536123
TGCACG	11	0.000536123
TGGGCA	11	0.000536123
TGTGA	11	0.000536123
TGTGCG	11	0.000536123
TTTATC	11	0.000536123
TTTCGG	11	0.000536123
TTTGCA	11	0.000536123
AATTCT	10	0.000487384
ACGGAA	10	0.000487384
ACGGGT	10	0.000487384
ACTAAT	10	0.000487384
ACTGAG	10	0.000487384
ACTTAA	10	0.000487384
AGACT	10	0.000487384
AGCT	10	0.000487384
AGTATA	10	0.000487384
ATATCT	10	0.000487384
ATCTTT	10	0.000487384
ATGTAT	10	0.000487384
ATTATA	10	0.000487384
ATTCGC	10	0.000487384
ATTCTT	10	0.000487384
C	10	0.000487384
CAATGA	10	0.000487384
CAATTT	10	0.000487384
CACGAG	10	0.000487384
CACGGA	10	0.000487384
CAGGTC	10	0.000487384
CAGTAG	10	0.000487384
CATAAA	10	0.000487384
CATCGT	10	0.000487384
CCAAAT	10	0.000487384
CCAAGA	10	0.000487384
CCACTA	10	0.000487384
CCAGAC	10	0.000487384
CCATTA	10	0.000487384
CCCACT	10	0.000487384
CGAAGG	10	0.000487384
CGAATC	10	0.000487384
CGAGAC	10	0.000487384
CGAGAG	10	0.000487384
CTGAT	10	0.000487384
CTTAAT	10	0.000487384
CTTACG	10	0.000487384
GAAGTC	10	0.000487384
GAATCC	10	0.000487384
GAGCCC	10	0.000487384
GAGGTG	10	0.000487384
GATAAC	10	0.000487384
GATGTA	10	0.000487384
GCACAC	10	0.000487384
GCACTG	10	0.000487384
GCAGTC	10	0.000487384
GCCAAA	10	0.000487384
GCGTGT	10	0.000487384
GGTCAT	10	0.000487384
GTACAC	10	0.000487384
GTACG	10	0.000487384
GTCACA	10	0.000487384
GTCCTG	10	0.000487384
GTCGAC	10	0.000487384
TACGGT	10	0.000487384
TATAG	10	0.000487384
TCACAT	10	0.000487384
TCACGG	10	0.000487384
TCATAA	10	0.000487384
TCATAT	10	0.000487384
TCCATG	10	0.000487384
TCCCAA	10	0.000487384
TCCGAA	10	0.000487384
TCGCCC	10	0.000487384
TCTTCA	10	0.000487384
TGATAT	10	0.000487384
TGATTA	10	0.000487384
TGGCA	10	0.000487384
TTAAAA	10	0.000487384
TTC	10	0.000487384
TTGTAT	10	0.000487384
TTTGAT	10	0.000487384
TTTGGC	10	0.000487384
TTTTTA	10	0.000487384
AATAAT	9	0.000438646
AATTAA	9	0.000438646
ACAGC	9	0.000438646
ACCAG	9	0.000438646
ACGGAT	9	0.000438646
ACGTT	9	0.000438646
ACTATA	9	0.000438646
ACTTTA	9	0.000438646
AGCGCC	9	0.000438646
ATATAA	9	0.000438646
ATGGT	9	0.000438646
ATTATT	9	0.000438646
ATTTAA	9	0.000438646
CAAGGC	9	0.000438646
CAATAA	9	0.000438646
CACTTT	9	0.000438646
CAGCTT	9	0.000438646
CAGGGA	9	0.000438646
CATTCG	9	0.000438646
CCAAGG	9	0.000438646
CCACAG	9	0.000438646
CCGGTA	9	0.000438646
CCTAAC	9	0.000438646
CGCACT	9	0.000438646
CGCATA	9	0.000438646
CGCTTG	9	0.000438646
CGGCAT	9	0.000438646
CTCGCG	9	0.000438646
GAGCCG	9	0.000438646
GAT	9	0.000438646
GCACAT	9	0.000438646
GCCACC	9	0.000438646
GCCGAA	9	0.000438646
GGCCCA	9	0.000438646
GGCGAA	9	0.000438646
GGGGAG	9	0.000438646
GGTGCT	9	0.000438646
GTAAGC	9	0.000438646
GTAGCC	9	0.000438646
GTCCT	9	0.000438646
GTCTCG	9	0.000438646
GTGAAG	9	0.000438646
GTGTTG	9	0.000438646
TAATAT	9	0.000438646
TACGG	9	0.000438646
TAG	9	0.000438646
TAGCGT	9	0.000438646
TAGGAT	9	0.000438646
TATTAA	9	0.000438646
TATTTT	9	0.000438646
TC	9	0.000438646
TCAGA	9	0.000438646
TCATTA	9	0.000438646
TCGAC	9	0.000438646
TCGCT	9	0.000438646
TCGGCA	9	0.000438646
TCGTGG	9	0.000438646
TCTCG	9	0.000438646
TCTTAA	9	0.000438646
TGAAC	9	0.000438646
TGTCAT	9	0.000438646
TTAATA	9	0.000438646
TTATCA	9	0.000438646
TTCTTT	9	0.000438646
TTGAAA	9	0.000438646
TTTCCT	9	0.000438646
TTTTGT	9	0.000438646
AAATAT	8	0.000389907
AAATTT	8	0.000389907
ACAC	8	0.000389907
ACACT	8	0.000389907
ACGGTA	8	0.000389907
ACT	8	0.000389907
AGA	8	0.000389907
AGAATT	8	0.000389907
AGAGT	8	0.000389907
AGGGTT	8	0.000389907
AGTTAT	8	0.000389907
ATTAAT	8	0.000389907
ATTC	8	0.000389907
ATTTTA	8	0.000389907
CACCTA	8	0.000389907
CAGTGC	8	0.000389907
CCCTAC	8	0.000389907
CCGTAA	8	0.000389907
CCTCTG	8	0.000389907
CGCGTC	8	0.000389907
CGCTGT	8	0.000389907
CGGCAA	8	0.000389907
CGTGGT	8	0.000389907
CTAGCG	8	0.000389907
CTCCTG	8	0.000389907
CTGCAG	8	0.000389907
CTTGAC	8	0.000389907
CTTGCT	8	0.000389907
CTTTGG	8	0.000389907
GAAGTG	8	0.000389907
GAATTT	8	0.000389907
GAGCGA	8	0.000389907
GATAG	8	0.000389907
GATCTC	8	0.000389907
GCAGAA	8	0.000389907
GCCCAC	8	0.000389907
GCCTT	8	0.000389907
GCG	8	0.000389907
GCGAAC	8	0.000389907
GCGATC	8	0.000389907
GCGCAA	8	0.000389907
GCTCAG	8	0.000389907
GCTTC	8	0.000389907
GGACCC	8	0.000389907
GGAGT	8	0.000389907
GGC	8	0.000389907
GGGAGT	8	0.000389907
GGT	8	0.000389907
GGTATA	8	0.000389907
GGTTGT	8	0.000389907
GTAAGG	8	0.000389907
GTAGGA	8	0.000389907
GTATCC	8	0.000389907
GTCCAG	8	0.000389907
GTGGAC	8	0.000389907
GTGGTT	8	0.000389907
TACGGG	8	0.000389907
TAGGGG	8	0.000389907
TCACGT	8	0.000389907
TCCAAT	8	0.000389907
TCCCTG	8	0.000389907
TCGTCA	8	0.000389907
TCTGA	8	0.000389907
TCTGCA	8	0.000389907
TGAGG	8	0.000389907
TGCTC	8	0.000389907
TGGGCG	8	0.000389907
TGTGAT	8	0.000389907
TGTTAA	8	0.000389907
TTCTTA	8	0.000389907
TTG	8	0.000389907
TTTCAA	8	0.000389907
TTTTAC	8	0.000389907
AACAC	7	0.000341169
AGGCCC	7	0.000341169
AGTTTT	7	0.000341169
ATCGG	7	0.000341169
ATTGAT	7	0.000341169
CAAGCC	7	0.000341169
CACATT	7	0.000341169
CATAGT	7	0.000341169
CATATT	7	0.000341169
CATTAC	7	0.000341169
CATTAG	7	0.000341169
CCCGCT	7	0.000341169
CCCTTG	7	0.000341169
CCTACA	7	0.000341169
CCTAGG	7	0.000341169
CCTATA	7	0.000341169
CCTGAG	7	0.000341169
CGACTA	7	0.000341169
CGAGGA	7	0.000341169
CGATCG	7	0.000341169
CGATGA	7	0.000341169
CGGTAC	7	0.000341169
CGGTCC	7	0.000341169
CGTAAG	7	0.000341169
CGTAC	7	0.000341169
CGTCTA	7	0.000341169
CTA	7	0.000341169
CTAATT	7	0.000341169
CTCTG	7	0.000341169
CTTTAC	7	0.000341169
CTTTCG	7	0.000341169
GAATAT	7	0.000341169
GAGAGC	7	0.000341169
GAGGGG	7	0.000341169
GAGTC	7	0.000341169
GATCAG	7	0.000341169
GATTAT	7	0.000341169
GCAATA	7	0.000341169
GCACAA	7	0.000341169
GCACTA	7	0.000341169
GCCAAC	7	0.000341169
GCCCAT	7	0.000341169
GCCGTT	7	0.000341169
GCGAGA	7	0.000341169
GGACTT	7	0.000341169
GGAGTA	7	0.000341169
GGCCTT	7	0.000341169
GGCGCT	7	0.000341169
GGTAGC	7	0.000341169
GGTCCA	7	0.000341169
GGTTAG	7	0.000341169
GTAACC	7	0.000341169
GTATAG	7	0.000341169
GTATGT	7	0.000341169
GTGAGG	7	0.000341169
GTGGAG	7	0.000341169
GTGTAC	7	0.000341169
TAAATT	7	0.000341169
TACTC	7	0.000341169
TAGCC	7	0.000341169
TAGTGG	7	0.000341169
TATCTT	7	0.000341169
TCA	7	0.000341169
TCCCAT	7	0.000341169
TCCTGC	7	0.000341169
TCGAG	7	0.000341169
TCGGTA	7	0.000341169
TCGGTT	7	0.000341169
TGATTT	7	0.000341169
TGGGCC	7	0.000341169
TGT	7	0.000341169
TGTAC	7	0.000341169
TTATCT	7	0.000341169
TTCAAT	7	0.000341169
TTCGG	7	0.000341169
TTGGCA	7	0.000341169
TTGTTT	7	0.000341169
AACTG	6	0.000292431
AAGTAT	6	0.000292431
AATTTA	6	0.000292431
AATTTT	6	0.000292431
ACCA	6	0.000292431
ACCAT	6	0.000292431
ACCGCG	6	0.000292431
ACCTC	6	0.000292431
AG	6	0.000292431
AGCAG	6	0.000292431
AGGCCG	6	0.000292431
AGTTC	6	0.000292431
ATATTT	6	0.000292431
CAATAT	6	0.000292431
CACCGC	6	0.000292431
CAGGCC	6	0.000292431
CAGTTA	6	0.000292431
CAGTTC	6	0.000292431
CATAAT	6	0.000292431
CATGGA	6	0.000292431
CATGGG	6	0.000292431
CATTCC	6	0.000292431
CATTCT	6	0.000292431
CCAACT	6	0.000292431
CCACTC	6	0.000292431
CCCAAG	6	0.000292431
CCCGTG	6	0.000292431
CCG	6	0.000292431
CCGCCT	6	0.000292431
CCGCGT	6	0.000292431
CCTTGT	6	0.000292431
CGAAAG	6	0.000292431
CGAAGT	6	0.000292431
CGACCA	6	0.000292431
CGATCT	6	0.000292431
CGATTC	6	0.000292431
CGCCCT	6	0.000292431
CGCGGT	6	0.000292431
CGCGTG	6	0.000292431
CGCTAG	6	0.000292431
CGCTCA	6	0.000292431
CGGGTG	6	0.000292431
CGGTGA	6	0.000292431
CTGCCC	6	0.000292431
CTGTAC	6	0.000292431
CTTTCT	6	0.000292431
GAAGCG	6	0.000292431
GACAGT	6	0.000292431
GAGGA	6	0.000292431
GATGTC	6	0.000292431
GCATAG	6	0.000292431
GCCAGA	6	0.000292431
GCCCCT	6	0.000292431
GCCCTA	6	0.000292431
GCCGCA	6	0.000292431
GCCTAC	6	0.000292431
GCGTTG	6	0.000292431
GCTACA	6	0.000292431
GCTACT	6	0.000292431
GCTTCG	6	0.000292431
GGACGC	6	0.000292431
GGAGA	6	0.000292431
GGATG	6	0.000292431
GGCCCT	6	0.000292431
GGGAAA	6	0.000292431
GGGACC	6	0.000292431
GGGAGG	6	0.000292431
GGGCCT	6	0.000292431
GGGGAT	6	0.000292431
GGGGTA	6	0.000292431
GGGTCG	6	0.000292431
GGTATG	6	0.000292431
GGTGGA	6	0.000292431
GTACAT	6	0.000292431
GTAGG	6	0.000292431
GTAGGG	6	0.000292431
GTCCAT	6	0.000292431
GTCCGA	6	0.000292431
GTCTTG	6	0.000292431
GTGCAT	6	0.000292431
GTTCGA	6	0.000292431
GTTGCA	6	0.000292431
TACCG	6	0.000292431
TACGC	6	0.000292431
TACTTT	6	0.000292431
TAGGGT	6	0.000292431
TAGTAT	6	0.000292431
TCATGT	6	0.000292431
TGAATT	6	0.000292431
TGGA	6	0.000292431
TGGCGC	6	0.000292431
TGGGAT	6	0.000292431
TGTCGG	6	0.000292431
TTA	6	0.000292431
TTAAG	6	0.000292431
TTATAA	6	0.000292431
TTTGGT	6	0.000292431
AAAAC	5	0.000243692
AATGGA	5	0.000243692
ACATAT	5	0.000243692
ACATG	5	0.000243692
ACGCCC	5	0.000243692
ACGCGC	5	0.000243692
ACGCT	5	0.000243692
ACGGAG	5	0.000243692
ACGGCC	5	0.000243692
ACTGCG	5	0.000243692
ACTTTT	5	0.000243692
AGAAC	5	0.000243692
AGACA	5	0.000243692
AGCCCC	5	0.000243692
AGCGGG	5	0.000243692
AGGCA	5	0.000243692
AGGCGG	5	0.000243692
AGGGAT	5	0.000243692
AGGGCG	5	0.000243692
AGGGGC	5	0.000243692
AGTGAG	5	0.000243692
AGTGT	5	0.000243692
ATTTGA	5	0.000243692
CAATGC	5	0.000243692
CACGCC	5	0.000243692
CAGCCC	5	0.000243692
CAGCGT	5	0.000243692
CAGTCG	5	0.000243692
CCAAAC	5	0.000243692
CCAATT	5	0.000243692
CCACGA	5	0.000243692
CCCATA	5	0.000243692
CCCCCA	5	0.000243692
CCCCTA	5	0.000243692
CCCGTC	5	0.000243692
CCGAT	5	0.000243692
CCGCCA	5	0.000243692
CCGCTC	5	0.000243692
CGATAT	5	0.000243692
CGATTT	5	0.000243692
CGCAAA	5	0.000243692
CGCGAG	5	0.000243692
CGCGCA	5	0.000243692
CGTACT	5	0.000243692
CGTCCT	5	0.000243692
CGTCGC	5	0.000243692
CGTGAG	5	0.000243692
CGTTAG	5	0.000243692
CGTTCC	5	0.000243692
CGTTGT	5	0.000243692
CTAGA	5	0.000243692
CTAGGA	5	0.000243692
CTCCCC	5	0.000243692
CTCCT	5	0.000243692
CTCTCG	5	0.000243692
CTGC	5	0.000243692
CTGCCG	5	0.000243692
GACCGC	5	0.000243692
GACGT	5	0.000243692
GAGAGA	5	0.000243692
GAGTCG	5	0.000243692
GATGAG	5	0.000243692
GATGT	5	0.000243692
GATTAA	5	0.000243692
GCAATC	5	0.000243692
GCACAG	5	0.000243692
GCAGTG	5	0.000243692
GCCACT	5	0.000243692
GCCTGA	5	0.000243692
GCCTTG	5	0.000243692
GCGCCT	5	0.000243692
GCGGTT	5	0.000243692
GCGTTC	5	0.000243692
GCTAGA	5	0.000243692
GCTGAC	5	0.000243692
GCTGGT	5	0.000243692
GGAGGT	5	0.000243692
GGCAAA	5	0.000243692
GGCAT	5	0.000243692
GGCTAA	5	0.000243692
GGGAAT	5	0.000243692
GGGAGC	5	0.000243692
GGGCCA	5	0.000243692
GGGCGA	5	0.000243692
GGGTCC	5	0.000243692
GGTCTC	5	0.000243692
GGTTGC	5	0.000243692
GT	5	0.000243692
GTAAAC	5	0.000243692
GTAACT	5	0.000243692
GTACAA	5	0.000243692
GTATCG	5	0.000243692
GTCAAA	5	0.000243692
GTCAGA	5	0.000243692
GTCCGT	5	0.000243692
GTCGCA	5	0.000243692
GTCGGC	5	0.000243692
GTCTCA	5	0.000243692
GTCTGC	5	0.000243692
GTGCCT	5	0.000243692
GTTGAC	5	0.000243692
GTTTTG	5	0.000243692
TAATGT	5	0.000243692
TAGAA	5	0.000243692
TAGGGA	5	0.000243692
TCC	5	0.000243692
TCGAA	5	0.000243692
TCGTA	5	0.000243692
TCTAAT	5	0.000243692
TCTATT	5	0.000243692
TGAGA	5	0.000243692
TGATG	5	0.000243692
TGCGCG	5	0.000243692
TGGCCG	5	0.000243692
TGTATT	5	0.000243692
TTAGC	5	0.000243692
TTATTC	5	0.000243692
TTCGT	5	0.000243692
TTCTAT	5	0.000243692
TTGAC	5	0.000243692
TTGTAA	5	0.000243692
TTGTCT	5	0.000243692
TTTGAA	5	0.000243692
AACTC	4	0.000194954
AAGAC	4	0.000194954
AAGCG	4	0.000194954
AATTAT	4	0.000194954
ACACG	4	0.000194954
ACCCGC	4	0.000194954
ACCGCC	4	0.000194954
ACCGGG	4	0.000194954
ACGGCA	4	0.000194954
ACGTCG	4	0.000194954
ACTGGA	4	0.000194954
ACTTAG	4	0.000194954
ACTTAT	4	0.000194954
AGAA	4	0.000194954
AGACC	4	0.000194954
AGCGGC	4	0.000194954
AGGAG	4	0.000194954
AGGGCC	4	0.000194954
AGGGGG	4	0.000194954
AGTAG	4	0.000194954
ATAATT	4	0.000194954
ATGTC	4	0.000194954
ATGTG	4	0.000194954
ATTGC	4	0.000194954
CAGCTG	4	0.000194954
CAGTAT	4	0.000194954
CATCGG	4	0.000194954
CATTAA	4	0.000194954
CCAACA	4	0.000194954
CCAATA	4	0.000194954
CCACCC	4	0.000194954
CCAGGT	4	0.000194954
CCATCG	4	0.000194954
CCCAAT	4	0.000194954
CCCCCT	4	0.000194954
CCGACC	4	0.000194954
CCGATG	4	0.000194954
CCGTAT	4	0.000194954
CCGTCG	4	0.000194954
CCTGTC	4	0.000194954
CCTTTC	4	0.000194954
CGACGC	4	0.000194954
CGACGT	4	0.000194954
CGACTG	4	0.000194954
CGACTT	4	0.000194954
CGAGCC	4	0.000194954
CGAGCT	4	0.000194954
CGCACC	4	0.000194954
CGCCTC	4	0.000194954
CGCGGA	4	0.000194954
CGGAAA	4	0.000194954
CGGAAT	4	0.000194954
CGGACG	4	0.000194954
CGGATG	4	0.000194954
CGGCTC	4	0.000194954
CGGTAA	4	0.000194954
CGTACA	4	0.000194954
CGTATC	4	0.000194954
CGTC	4	0.000194954
CGTGAT	4	0.000194954
CGTTAC	4	0.000194954
CTAC	4	0.000194954
CTATC	4	0.000194954
CTCCGG	4	0.000194954
CTCGGC	4	0.000194954
CTGGGA	4	0.000194954
CTTAGG	4	0.000194954
CTTGAA	4	0.000194954
CTTGGA	4	0.000194954
CTTTTA	4	0.000194954
GACCCG	4	0.000194954
GAGAA	4	0.000194954
GAGCGC	4	0.000194954
GATATT	4	0.000194954
GCAAAG	4	0.000194954
GCACCC	4	0.000194954
GCAGGA	4	0.000194954
GCATAA	4	0.000194954
GCATCT	4	0.000194954
GCCAAT	4	0.000194954
GCCGTC	4	0.000194954
GCGTAC	4	0.000194954
GCTAGC	4	0.000194954
GCTCAC	4	0.000194954
GCTGT	4	0.000194954
GGAAA	4	0.000194954
GGAGCC	4	0.000194954
GGAGCG	4	0.000194954
GGAGTT	4	0.000194954
GGCCAC	4	0.000194954
GGCCGA	4	0.000194954
GGCCGT	4	0.000194954
GGCTTG	4	0.000194954
GGGAAC	4	0.000194954
GGGCTG	4	0.000194954
GGGGAC	4	0.000194954
GGGTAA	4	0.000194954
GGGTCT	4	0.000194954
GGGTGC	4	0.000194954
GTAAAG	4	0.000194954
GTACAG	4	0.000194954
GTACCG	4	0.000194954
GTACCT	4	0.000194954
GTACGA	4	0.000194954
GTACGT	4	0.000194954
GTAGAA	4	0.000194954
GTAGAC	4	0.000194954
GTCACT	4	0.000194954
GTCATA	4	0.000194954
GTCCCT	4	0.000194954
GTCCTT	4	0.000194954
GTCGAA	4	0.000194954
GTCGCT	4	0.000194954
GTCGGT	4	0.000194954
GTCTGG	4	0.000194954
GTGAAC	4	0.000194954
GTGAGT	4	0.000194954
GTGGGT	4	0.000194954
GTGGTA	4	0.000194954
GTTCTC	4	0.000194954
TAC	4	0.000194954
TACCCT	4	0.000194954
TATGC	4	0.000194954
TATGGG	4	0.000194954
TATTCT	4	0.000194954
TATTGA	4	0.000194954
TCAAAT	4	0.000194954
TCATTT	4	0.000194954
TCCGA	4	0.000194954
TCGCGC	4	0.000194954
TCGGA	4	0.000194954
TCGGCG	4	0.000194954
TCTGGG	4	0.000194954
TCTTG	4	0.000194954
TCTTTT	4	0.000194954
TGCGCC	4	0.000194954
TGGGGG	4	0.000194954
TGTCTG	4	0.000194954
TGTTTT	4	0.000194954
TTAATT	4	0.000194954
TTGGGT	4	0.000194954
TTTAAA	4	0.000194954
AAGAG	3	0.000146215
AATCG	3	0.000146215
ACACA	3	0.000146215
ACGCCG	3	0.000146215
ACGG	3	0.000146215
ACGTAG	3	0.000146215
AGAAA	3	0.000146215
AGGAT	3	0.000146215
AGT	3	0.000146215
AGTATT	3	0.000146215
AGTCC	3	0.000146215
AGTGA	3	0.000146215
ATCTG	3	0.000146215
ATGAC	3	0.000146215
CAACGC	3	0.000146215
CAAGGG	3	0.000146215
CACCCG	3	0.000146215
CACCTG	3	0.000146215
CACGCG	3	0.000146215
CACGGG	3	0.000146215
CACTGG	3	0.000146215
CAGAGA	3	0.000146215
CAGCCG	3	0.000146215
CAGCGA	3	0.000146215
CAGGCG	3	0.000146215
CAGGGT	3	0.000146215
CATTTA	3	0.000146215
CCAAAG	3	0.000146215
CCACGC	3	0.000146215
CCAGCA	3	0.000146215
CCATGC	3	0.000146215
CCCACC	3	0.000146215
CCCAGG	3	0.000146215
CCCATG	3	0.000146215
CCCCTG	3	0.000146215
CCCGAC	3	0.000146215
CCCGCA	3	0.000146215
CCCGGT	3	0.000146215
CCCTAT	3	0.000146215
CCGAGA	3	0.000146215
CCGGCT	3	0.000146215
CCGGTG	3	0.000146215
CCTAAG	3	0.000146215
CCTC	3	0.000146215
CCTCGC	3	0.000146215
CCTCT	3	0.000146215
CCTGGA	3	0.000146215
CCTTTT	3	0.000146215
CGAACG	3	0.000146215
CGAGCA	3	0.000146215
CGAGTT	3	0.000146215
CGATGC	3	0.000146215
CGATTA	3	0.000146215
CGCAGA	3	0.000146215
CGCATT	3	0.000146215
CGCCCA	3	0.000146215
CGCCTG	3	0.000146215
CGGCCA	3	0.000146215
CGGGCT	3	0.000146215
CGGGTC	3	0.000146215
CGGTCT	3	0.000146215
CGTAAA	3	0.000146215
CGTAAC	3	0.000146215
CGTACG	3	0.000146215
CGTAGC	3	0.000146215
CGTATG	3	0.000146215
CGTCTG	3	0.000146215
CGTCTT	3	0.000146215
CGTTCA	3	0.000146215
CGTTGA	3	0.000146215
CTACC	3	0.000146215
CTATG	3	0.000146215
CTCAGG	3	0.000146215
CTCTC	3	0.000146215
CTGCGC	3	0.000146215
CTGGAC	3	0.000146215
CTTTAA	3	0.000146215
CTTTAT	3	0.000146215
GAA	3	0.000146215
GAAAA	3	0.000146215
GACGCG	3	0.000146215
GACTC	3	0.000146215
GAGAT	3	0.000146215
GAGTCC	3	0.000146215
GATCT	3	0.000146215
GATTTA	3	0.000146215
GATTTT	3	0.000146215
GCAAAT	3	0.000146215
GCAATT	3	0.000146215
GCACGA	3	0.000146215
GCACTC	3	0.000146215
GCATCC	3	0.000146215
GCATTA	3	0.000146215
GCCATA	3	0.000146215
GCCGCT	3	0.000146215
GCCTAG	3	0.000146215
GCGACA	3	0.000146215
GCTAGT	3	0.000146215
GCTATC	3	0.000146215
GCTATG	3	0.000146215
GCTCCG	3	0.000146215
GCTCTA	3	0.000146215
GCTGAT	3	0.000146215
GCTGTA	3	0.000146215
GCTTCC	3	0.000146215
GG	3	0.000146215
GGAAG	3	0.000146215
GGATC	3	0.000146215
GGCAAT	3	0.000146215
GGCACG	3	0.000146215
GGCATA	3	0.000146215
GGCCAG	3	0.000146215
GGCCTC	3	0.000146215
GGCGCA	3	0.000146215
GGCGTC	3	0.000146215
GGCTAT	3	0.000146215
GGCTTA	3	0.000146215
GGG	3	0.000146215
GGGCAC	3	0.000146215
GGGCTT	3	0.000146215
GGTCAC	3	0.000146215
GGTCCC	3	0.000146215
GGTTGA	3	0.000146215
GTAAAA	3	0.000146215
GTAACG	3	0.000146215
GTAAGT	3	0.000146215
GTACTC	3	0.000146215
GTAGCA	3	0.000146215
GTAGTA	3	0.000146215
GTAGTT	3	0.000146215
GTATAA	3	0.000146215
GTCACG	3	0.000146215
GTCCCG	3	0.000146215
GTCCTC	3	0.000146215
GTCGTC	3	0.000146215
GTCTGA	3	0.000146215
GTGAGC	3	0.000146215
GTGCGA	3	0.000146215
GTGGAT	3	0.000146215
GTGGCA	3	0.000146215
GTGGCG	3	0.000146215
GTGGGA	3	0.000146215
GTT	3	0.000146215
GTTACT	3	0.000146215
GTTGAG	3	0.000146215
GTTGTC	3	0.000146215
TAACC	3	0.000146215
TAATTT	3	0.000146215
TACCA	3	0.000146215
TATAAT	3	0.000146215
TATC	3	0.000146215
TATCA	3	0.000146215
TATCT	3	0.000146215
TATGAT	3	0.000146215
TCAAC	3	0.000146215
TCAATT	3	0.000146215
TCCGGC	3	0.000146215
TCGGAA	3	0.000146215
TCGGCC	3	0.000146215
TG	3	0.000146215
TGACC	3	0.000146215
TGCAGT	3	0.000146215
TGCAT	3	0.000146215
TGCCGG	3	0.000146215
TGCCT	3	0.000146215
TGGTC	3	0.000146215
TGGTG	3	0.000146215
TGTGAG	3	0.000146215
TTAAAT	3	0.000146215
TTAGA	3	0.000146215
TTCGA	3	0.000146215
TTCTA	3	0.000146215
TTGA	3	0.000146215
TTGCAT	3	0.000146215
TTTAAT	3	0.000146215
TTTCAT	3	0.000146215
TTTCTT	3	0.000146215
AAACG	2	9.74769e-05
AACAT	2	9.74769e-05
AACGG	2	9.74769e-05
AAGAT	2	9.74769e-05
AAGGC	2	9.74769e-05
AATCC	2	9.74769e-05
ACCAC	2	9.74769e-05
ACGAA	2	9.74769e-05
ACTCT	2	9.74769e-05
ACTGG	2	9.74769e-05
ACTGGC	2	9.74769e-05
AGAGG	2	9.74769e-05
AGATA	2	9.74769e-05
AGCCCG	2	9.74769e-05
AGCCGC	2	9.74769e-05
AGCGCG	2	9.74769e-05
AGCGT	2	9.74769e-05
AGGCGC	2	9.74769e-05
ATA	2	9.74769e-05
ATAGC	2	9.74769e-05
ATAGG	2	9.74769e-05
ATCGC	2	9.74769e-05
ATG	2	9.74769e-05
ATGAA	2	9.74769e-05
ATGTA	2	9.74769e-05
CA	2	9.74769e-05
CACCCC	2	9.74769e-05
CAGCGC	2	9.74769e-05
CAGTGG	2	9.74769e-05
CATA	2	9.74769e-05
CATTAT	2	9.74769e-05
CATTTC	2	9.74769e-05
CCACCG	2	9.74769e-05
CCATGT	2	9.74769e-05
CCATTC	2	9.74769e-05
CCATTG	2	9.74769e-05
CCCGGA	2	9.74769e-05
CCCTTA	2	9.74769e-05
CCGAAA	2	9.74769e-05
CCGAGC	2	9.74769e-05
CCGCGA	2	9.74769e-05
CCGTA	2	9.74769e-05
CCGTCC	2	9.74769e-05
CCGTTA	2	9.74769e-05
CCGTTC	2	9.74769e-05
CCGTTT	2	9.74769e-05
CCTAGT	2	9.74769e-05
CCTATG	2	9.74769e-05
CCTCCG	2	9.74769e-05
CCTCGG	2	9.74769e-05
CG	2	9.74769e-05
CGAATT	2	9.74769e-05
CGAGCG	2	9.74769e-05
CGAGGC	2	9.74769e-05
CGAGT	2	9.74769e-05
CGCACG	2	9.74769e-05
CGCAGG	2	9.74769e-05
CGCCAG	2	9.74769e-05
CGCCGT	2	9.74769e-05
CGCGAC	2	9.74769e-05
CGCTAA	2	9.74769e-05
CGCTCC	2	9.74769e-05
CGCTT	2	9.74769e-05
CGGACC	2	9.74769e-05
CGGCAC	2	9.74769e-05
CGGCCG	2	9.74769e-05
CGGCGA	2	9.74769e-05
CGGCTT	2	9.74769e-05
CGGGGT	2	9.74769e-05
CGGTGG	2	9.74769e-05
CGT	2	9.74769e-05
CGTAAT	2	9.74769e-05
CGTATA	2	9.74769e-05
CGTCCC	2	9.74769e-05
CGTCCG	2	9.74769e-05
CGTCGG	2	9.74769e-05
CGTTGG	2	9.74769e-05
CGTTTT	2	9.74769e-05
CTACGT	2	9.74769e-05
CTCC	2	9.74769e-05
CTCCCG	2	9.74769e-05
CTGCGG	2	9.74769e-05
CTGGCG	2	9.74769e-05
CTGGGG	2	9.74769e-05
CTGGTA	2	9.74769e-05
CTGTG	2	9.74769e-05
CTTAC	2	9.74769e-05
CTTCT	2	9.74769e-05
CTTGT	2	9.74769e-05
GA	2	9.74769e-05
GAAA	2	9.74769e-05
GAAAG	2	9.74769e-05
GACCA	2	9.74769e-05
GAGCGG	2	9.74769e-05
GCAAAC	2	9.74769e-05
GCAAGT	2	9.74769e-05
GCAGAG	2	9.74769e-05
GCAGCA	2	9.74769e-05
GCAGCC	2	9.74769e-05
GCAGCG	2	9.74769e-05
GCAGCT	2	9.74769e-05
GCAGGC	2	9.74769e-05
GCAGGG	2	9.74769e-05
GCAGTA	2	9.74769e-05
GCATAC	2	9.74769e-05
GCATAT	2	9.74769e-05
GCATCG	2	9.74769e-05
GCATGC	2	9.74769e-05
GCATTC	2	9.74769e-05
GCCAGG	2	9.74769e-05
GCCCGA	2	9.74769e-05
GCCCGT	2	9.74769e-05
GCCCTG	2	9.74769e-05
GCCGGA	2	9.74769e-05
GCCTAT	2	9.74769e-05
GCCTGC	2	9.74769e-05
GCCTGG	2	9.74769e-05
GCCTGT	2	9.74769e-05
GCGACG	2	9.74769e-05
GCGAGC	2	9.74769e-05
GCGCAG	2	9.74769e-05
GCGCCA	2	9.74769e-05
GCGCCG	2	9.74769e-05
GCGCGA	2	9.74769e-05
GCGGCA	2	9.74769e-05
GCGGTG	2	9.74769e-05
GCGTCT	2	9.74769e-05
GCTAAA	2	9.74769e-05
GCTACG	2	9.74769e-05
GCTCGG	2	9.74769e-05
GCTGAA	2	9.74769e-05
GCTGCT	2	9.74769e-05
GCTTGA	2	9.74769e-05
GCTTGT	2	9.74769e-05
GCTTTC	2	9.74769e-05
GGAA	2	9.74769e-05
GGAAC	2	9.74769e-05
GGAC	2	9.74769e-05
GGACGG	2	9.74769e-05
GGACT	2	9.74769e-05
GGAGAT	2	9.74769e-05
GGAGC	2	9.74769e-05
GGCACC	2	9.74769e-05
GGCAGT	2	9.74769e-05
GGCCTG	2	9.74769e-05
GGCGAC	2	9.74769e-05
GGCGTG	2	9.74769e-05
GGCTCC	2	9.74769e-05
GGCTCG	2	9.74769e-05
GGCTGG	2	9.74769e-05
GGCTTT	2	9.74769e-05
GGGATT	2	9.74769e-05
GGGCAG	2	9.74769e-05
GGGTAT	2	9.74769e-05
GGGTGG	2	9.74769e-05
GGGTTA	2	9.74769e-05
GGTAAG	2	9.74769e-05
GGTAGT	2	9.74769e-05
GGTATC	2	9.74769e-05
GGTATT	2	9.74769e-05
GGTCAA	2	9.74769e-05
GGTCAG	2	9.74769e-05
GGTCCG	2	9.74769e-05
GGTGA	2	9.74769e-05
GGTGCC	2	9.74769e-05
GGTGCG	2	9.74769e-05
GGTGTG	2	9.74769e-05
GGTGTT	2	9.74769e-05
GGTTAA	2	9.74769e-05
GGTTCT	2	9.74769e-05
GGTTTG	2	9.74769e-05
GGTTTT	2	9.74769e-05
GTAAAT	2	9.74769e-05
GTAATC	2	9.74769e-05
GTAATG	2	9.74769e-05
GTACCA	2	9.74769e-05
GTACCC	2	9.74769e-05
GTAGCG	2	9.74769e-05
GTAGGT	2	9.74769e-05
GTAGTC	2	9.74769e-05
GTATAC	2	9.74769e-05
GTATTG	2	9.74769e-05
GTCAAC	2	9.74769e-05
GTCAAG	2	9.74769e-05
GTCAGG	2	9.74769e-05
GTCAGT	2	9.74769e-05
GTCCCC	2	9.74769e-05
GTCCGC	2	9.74769e-05
GTCGCC	2	9.74769e-05
GTCGTT	2	9.74769e-05
GTCTAT	2	9.74769e-05
GTCTCC	2	9.74769e-05
GTGATG	2	9.74769e-05
GTGCCC	2	9.74769e-05
GTGCCG	2	9.74769e-05
GTGCTG	2	9.74769e-05
GTGGCC	2	9.74769e-05
GTGTGC	2	9.74769e-05
GTGTTT	2	9.74769e-05
GTTAAG	2	9.74769e-05
GTTAGA	2	9.74769e-05
GTTATC	2	9.74769e-05
GTTCAG	2	9.74769e-05
GTTCGT	2	9.74769e-05
GTTCTG	2	9.74769e-05
GTTGCG	2	9.74769e-05
GTTGGT	2	9.74769e-05
GTTGTT	2	9.74769e-05
GTTTAC	2	9.74769e-05
GTTTCG	2	9.74769e-05
GTTTGA	2	9.74769e-05
GTTTGG	2	9.74769e-05
TAA	2	9.74769e-05
TAAAC	2	9.74769e-05
TAACA	2	9.74769e-05
TAACG	2	9.74769e-05
TAACT	2	9.74769e-05
TACGA	2	9.74769e-05
TACTA	2	9.74769e-05
TACTG	2	9.74769e-05
TATTTA	2	9.74769e-05
TCACA	2	9.74769e-05
TCACC	2	9.74769e-05
TCCAG	2	9.74769e-05
TCCCGC	2	9.74769e-05
TCCTC	2	9.74769e-05
TCCTGT	2	9.74769e-05
TCTGC	2	9.74769e-05
TGA	2	9.74769e-05
TGAAA	2	9.74769e-05
TGACA	2	9.74769e-05
TGATT	2	9.74769e-05
TGCGA	2	9.74769e-05
TGCGGG	2	9.74769e-05
TGCT	2	9.74769e-05
TGGAT	2	9.74769e-05
TGGGGC	2	9.74769e-05
TGGTT	2	9.74769e-05
TGTAT	2	9.74769e-05
TGTGC	2	9.74769e-05
TGTTC	2	9.74769e-05
TGTTG	2	9.74769e-05
TTAGG	2	9.74769e-05
TTATTT	2	9.74769e-05
TTCAC	2	9.74769e-05
TTCATT	2	9.74769e-05
TTCTG	2	9.74769e-05
TTGGC	2	9.74769e-05
TTGTC	2	9.74769e-05
TTTAG	2	9.74769e-05
TTTATA	2	9.74769e-05
TTTGTT	2	9.74769e-05
TTTTAA	2	9.74769e-05
TTTTAT	2	9.74769e-05
TTTTCA	2	9.74769e-05
AAAAT	1	4.87384e-05
AAACC	1	4.87384e-05
AAAGA	1	4.87384e-05
AAAGG	1	4.87384e-05
AAATC	1	4.87384e-05
AACA	1	4.87384e-05
AACCA	1	4.87384e-05
AACCC	1	4.87384e-05
AACCT	1	4.87384e-05
AACGC	1	4.87384e-05
AAGCC	1	4.87384e-05
AAGGT	1	4.87384e-05
AAGTC	1	4.87384e-05
AAGTG	1	4.87384e-05
AAGTT	1	4.87384e-05
AAT	1	4.87384e-05
AATAG	1	4.87384e-05
AATC	1	4.87384e-05
AATTC	1	4.87384e-05
ACAAG	1	4.87384e-05
ACACC	1	4.87384e-05
ACAGG	1	4.87384e-05
ACAGT	1	4.87384e-05
ACATA	1	4.87384e-05
ACATC	1	4.87384e-05
ACCAA	1	4.87384e-05
ACCCG	1	4.87384e-05
ACCCGG	1	4.87384e-05
ACCGC	1	4.87384e-05
ACCGGC	1	4.87384e-05
ACCGT	1	4.87384e-05
ACCT	1	4.87384e-05
ACCTG	1	4.87384e-05
ACGAG	1	4.87384e-05
ACGCA	1	4.87384e-05
ACGCGG	1	4.87384e-05
ACGTA	1	4.87384e-05
ACGTAT	1	4.87384e-05
ACGTC	1	4.87384e-05
ACTCG	1	4.87384e-05
ACTTG	1	4.87384e-05
AGACG	1	4.87384e-05
AGAGA	1	4.87384e-05
AGATG	1	4.87384e-05
AGCAT	1	4.87384e-05
AGCCA	1	4.87384e-05
AGCCC	1	4.87384e-05
AGCCGG	1	4.87384e-05
AGCCT	1	4.87384e-05
AGCTA	1	4.87384e-05
AGCTG	1	4.87384e-05
AGGAA	1	4.87384e-05
AGGC	1	4.87384e-05
AGGGT	1	4.87384e-05
AGGTT	1	4.87384e-05
AGTAC	1	4.87384e-05
AGTAT	1	4.87384e-05
AGTGC	1	4.87384e-05
AGTTG	1	4.87384e-05
ATAA	1	4.87384e-05
ATAAC	1	4.87384e-05
ATACC	1	4.87384e-05
ATATA	1	4.87384e-05
ATATG	1	4.87384e-05
ATCCA	1	4.87384e-05
ATCCC	1	4.87384e-05
ATCGA	1	4.87384e-05
ATCGT	1	4.87384e-05
ATCTA	1	4.87384e-05
ATGAT	1	4.87384e-05
ATGGC	1	4.87384e-05
ATTA	1	4.87384e-05
ATTGA	1	4.87384e-05
ATTGT	1	4.87384e-05
ATTTA	1	4.87384e-05
ATTTC	1	4.87384e-05
CAAAA	1	4.87384e-05
CAAAG	1	4.87384e-05
CAAC	1	4.87384e-05
CAAGG	1	4.87384e-05
CAAT	1	4.87384e-05
CAATC	1	4.87384e-05
CACAGG	1	4.87384e-05
CACC	1	4.87384e-05
CACCG	1	4.87384e-05
CACCGG	1	4.87384e-05
CACCT	1	4.87384e-05
CACTG	1	4.87384e-05
CAGAT	1	4.87384e-05
CAGC	1	4.87384e-05
CAGCA	1	4.87384e-05
CAGGT	1	4.87384e-05
CAGTT	1	4.87384e-05
CAT	1	4.87384e-05
CATAG	1	4.87384e-05
CATCG	1	4.87384e-05
CATGG	1	4.87384e-05
CATGGC	1	4.87384e-05
CATTGC	1	4.87384e-05
CCAATC	1	4.87384e-05
CCAATG	1	4.87384e-05
CCACA	1	4.87384e-05
CCAGCC	1	4.87384e-05
CCAGCG	1	4.87384e-05
CCAGTT	1	4.87384e-05
CCATAG	1	4.87384e-05
CCATTT	1	4.87384e-05
CCCAAA	1	4.87384e-05
CCCAGC	1	4.87384e-05
CCCATT	1	4.87384e-05
CCCCAG	1	4.87384e-05
CCCCCC	1	4.87384e-05
CCCCGA	1	4.87384e-05
CCCCTC	1	4.87384e-05
CCCT	1	4.87384e-05
CCCTAA	1	4.87384e-05
CCCTCC	1	4.87384e-05
CCCTGC	1	4.87384e-05
CCCTGG	1	4.87384e-05
CCCTTT	1	4.87384e-05
CCGAA	1	4.87384e-05
CCGATA	1	4.87384e-05
CCGATT	1	4.87384e-05
CCGCAC	1	4.87384e-05
CCGCCC	1	4.87384e-05
CCGCCG	1	4.87384e-05
CCGCTG	1	4.87384e-05
CCGGTC	1	4.87384e-05
CCGGTT	1	4.87384e-05
CCGTAG	1	4.87384e-05
CCGTGC	1	4.87384e-05
CCGTGG	1	4.87384e-05
CCGTT	1	4.87384e-05
CCTATC	1	4.87384e-05
CCTCCC	1	4.87384e-05
CCTGCC	1	4.87384e-05
CCTGCG	1	4.87384e-05
CCTGGG	1	4.87384e-05
CCTTA	1	4.87384e-05
CCTTAG	1	4.87384e-05
CCTTC	1	4.87384e-05
CCTTCG	1	4.87384e-05
CGAA	1	4.87384e-05
CGACA	1	4.87384e-05
CGACCG	1	4.87384e-05
CGACGG	1	4.87384e-05
CGACT	1	4.87384e-05
CGAGC	1	4.87384e-05
CGAGGG	1	4.87384e-05
CGAGTA	1	4.87384e-05
CGAT	1	4.87384e-05
CGATC	1	4.87384e-05
CGC	1	4.87384e-05
CGCAAT	1	4.87384e-05
CGCAGC	1	4.87384e-05
CGCAT	1	4.87384e-05
CGCATG	1	4.87384e-05
CGCCAC	1	4.87384e-05
CGCCCC	1	4.87384e-05
CGCGCG	1	4.87384e-05
CGCTAT	1	4.87384e-05
CGCTGC	1	4.87384e-05
CGCTTT	1	4.87384e-05
CGGAGC	1	4.87384e-05
CGGAGG	1	4.87384e-05
CGGAGT	1	4.87384e-05
CGGATT	1	4.87384e-05
CGGCGT	1	4.87384e-05
CGGCTG	1	4.87384e-05
CGGGAG	1	4.87384e-05
CGGGAT	1	4.87384e-05
CGGGCA	1	4.87384e-05
CGGGCC	1	4.87384e-05
CGGGTT	1	4.87384e-05
CGGTC	1	4.87384e-05
CGTA	1	4.87384e-05
CGTAG	1	4.87384e-05
CGTAGT	1	4.87384e-05
CGTCAA	1	4.87384e-05
CGTCAT	1	4.87384e-05
CGTCC	1	4.87384e-05
CGTGAC	1	4.87384e-05
CGTGCG	1	4.87384e-05
CGTGGG	1	4.87384e-05
CGTTCT	1	4.87384e-05
CTACA	1	4.87384e-05
CTCA	1	4.87384e-05
CTCCGC	1	4.87384e-05
CTCGA	1	4.87384e-05
CTCGG	1	4.87384e-05
CTCGGG	1	4.87384e-05
CTCGT	1	4.87384e-05
CTCTT	1	4.87384e-05
CTGAA	1	4.87384e-05
CTGAG	1	4.87384e-05
CTT	1	4.87384e-05
CTTG	1	4.87384e-05
CTTTGC	1	4.87384e-05
GAAAT	1	4.87384e-05
GAAGC	1	4.87384e-05
GAAGG	1	4.87384e-05
GAAGT	1	4.87384e-05
GAATT	1	4.87384e-05
GACA	1	4.87384e-05
GACAG	1	4.87384e-05
GACCG	1	4.87384e-05
GACCGG	1	4.87384e-05
GACCT	1	4.87384e-05
GACGCC	1	4.87384e-05
GACGGG	1	4.87384e-05
GAGAG	1	4.87384e-05
GAGGC	1	4.87384e-05
GATAA	1	4.87384e-05
GATCG	1	4.87384e-05
GATTC	1	4.87384e-05
GATTGC	1	4.87384e-05
GC	1	4.87384e-05
GCACCG	1	4.87384e-05
GCACGC	1	4.87384e-05
GCACGG	1	4.87384e-05
GCACTT	1	4.87384e-05
GCAGAC	1	4.87384e-05
GCAGAT	1	4.87384e-05
GCAGGT	1	4.87384e-05
GCAGTT	1	4.87384e-05
GCATGA	1	4.87384e-05
GCCAGC	1	4.87384e-05
GCCCAG	1	4.87384e-05
GCCCTC	1	4.87384e-05
GCCGCG	1	4.87384e-05
GCCGTG	1	4.87384e-05
GCCTAA	1	4.87384e-05
GCCTCC	1	4.87384e-05
GCCTCG	1	4.87384e-05
GCCTTA	1	4.87384e-05
GCCTTT	1	4.87384e-05
GCGAAG	1	4.87384e-05
GCGAAT	1	4.87384e-05
GCGAGG	1	4.87384e-05
GCGATA	1	4.87384e-05
GCGATT	1	4.87384e-05
GCGCGC	1	4.87384e-05
GCGGCC	1	4.87384e-05
GCGGCT	1	4.87384e-05
GCGGGA	1	4.87384e-05
GCGGGT	1	4.87384e-05
GCGGTA	1	4.87384e-05
GCGTAA	1	4.87384e-05
GCGTCA	1	4.87384e-05
GCGTCC	1	4.87384e-05
GCGTGA	1	4.87384e-05
GCGTTT	1	4.87384e-05
GCTAAC	1	4.87384e-05
GCTAAG	1	4.87384e-05
GCTACC	1	4.87384e-05
GCTCAA	1	4.87384e-05
GCTCAT	1	4.87384e-05
GCTCCC	1	4.87384e-05
GCTGCC	1	4.87384e-05
GCTGGG	1	4.87384e-05
GCTTAA	1	4.87384e-05
GCTTAG	1	4.87384e-05
GCTTCA	1	4.87384e-05
GCTTCT	1	4.87384e-05
GCTTG	1	4.87384e-05
GCTTTG	1	4.87384e-05
GGAGGG	1	4.87384e-05
GGATTC	1	4.87384e-05
GGCAGC	1	4.87384e-05
GGCAGG	1	4.87384e-05
GGCATT	1	4.87384e-05
GGCCA	1	4.87384e-05
GGCCCC	1	4.87384e-05
GGCCGG	1	4.87384e-05
GGCGAG	1	4.87384e-05
GGCGCC	1	4.87384e-05
GGCGGA	1	4.87384e-05
GGCGGC	1	4.87384e-05
GGCGTT	1	4.87384e-05
GGCTT	1	4.87384e-05
GGGACG	1	4.87384e-05
GGGCGC	1	4.87384e-05
GGGCGG	1	4.87384e-05
GGGCGT	1	4.87384e-05
GGGG	1	4.87384e-05
GGGGCG	1	4.87384e-05
GGGGCT	1	4.87384e-05
GGGGGT	1	4.87384e-05
GGGGTC	1	4.87384e-05
GGGGTG	1	4.87384e-05
GGGTTC	1	4.87384e-05
GGGTTT	1	4.87384e-05
GGTAAA	1	4.87384e-05
GGTAAC	1	4.87384e-05
GGTAAT	1	4.87384e-05
GGTCA	1	4.87384e-05
GGTCGC	1	4.87384e-05
GGTCGT	1	4.87384e-05
GGTCTA	1	4.87384e-05
GGTGAT	1	4.87384e-05
GGTGTA	1	4.87384e-05
GGTGTC	1	4.87384e-05
GGTTAC	1	4.87384e-05
GGTTAT	1	4.87384e-05
GGTTTA	1	4.87384e-05
GGTTTC	1	4.87384e-05
GTAATT	1	4.87384e-05
GTACTT	1	4.87384e-05
GTAGCT	1	4.87384e-05
GTATCT	1	4.87384e-05
GTATGC	1	4.87384e-05
GTATTA	1	4.87384e-05
GTATTC	1	4.87384e-05
GTATTT	1	4.87384e-05
GTCAA	1	4.87384e-05
GTCATC	1	4.87384e-05
GTCCAC	1	4.87384e-05
GTCGCG	1	4.87384e-05
GTCGGG	1	4.87384e-05
GTCTAA	1	4.87384e-05
GTCTAC	1	4.87384e-05
GTCTAG	1	4.87384e-05
GTCTGT	1	4.87384e-05
GTCTTA	1	4.87384e-05
GTGAAA	1	4.87384e-05
GTGACA	1	4.87384e-05
GTGACC	1	4.87384e-05
GTGAGA	1	4.87384e-05
GTGATA	1	4.87384e-05
GTGATT	1	4.87384e-05
GTGCA	1	4.87384e-05
GTGCGG	1	4.87384e-05
GTGCTA	1	4.87384e-05
GTGGG	1	4.87384e-05
GTGGGC	1	4.87384e-05
GTGGGG	1	4.87384e-05
GTGGT	1	4.87384e-05
GTGTAA	1	4.87384e-05
GTGTC	1	4.87384e-05
GTGTGA	1	4.87384e-05
GTGTTC	1	4.87384e-05
GTTAAC	1	4.87384e-05
GTTAAT	1	4.87384e-05
GTTACA	1	4.87384e-05
GTTACC	1	4.87384e-05
GTTAGT	1	4.87384e-05
GTTATA	1	4.87384e-05
GTTATG	1	4.87384e-05
GTTCAA	1	4.87384e-05
GTTCAC	1	4.87384e-05
GTTCC	1	4.87384e-05
GTTCCA	1	4.87384e-05
GTTCTA	1	4.87384e-05
GTTGAA	1	4.87384e-05
GTTGG	1	4.87384e-05
GTTTCC	1	4.87384e-05
GTTTGT	1	4.87384e-05
GTTTTC	1	4.87384e-05
TAAAA	1	4.87384e-05
TAAGA	1	4.87384e-05
TAAGT	1	4.87384e-05
TACAG	1	4.87384e-05
TACC	1	4.87384e-05
TAGCT	1	4.87384e-05
TAGGA	1	4.87384e-05
TAGTG	1	4.87384e-05
TAT	1	4.87384e-05
TATAC	1	4.87384e-05
TATGA	1	4.87384e-05
TATTC	1	4.87384e-05
TCAAT	1	4.87384e-05
TCACG	1	4.87384e-05
TCATG	1	4.87384e-05
TCCA	1	4.87384e-05
TCCAT	1	4.87384e-05
TCCCA	1	4.87384e-05
TCCCCG	1	4.87384e-05
TCCCT	1	4.87384e-05
TCCGGG	1	4.87384e-05
TCGCCG	1	4.87384e-05
TCGCGG	1	4.87384e-05
TCGG	1	4.87384e-05
TCGGAT	1	4.87384e-05
TCGGGG	1	4.87384e-05
TCGGT	1	4.87384e-05
TCT	1	4.87384e-05
TCTAG	1	4.87384e-05
TCTAT	1	4.87384e-05
TCTC	1	4.87384e-05
TCTCA	1	4.87384e-05
TCTG	1	4.87384e-05
TCTGG	1	4.87384e-05
TCTTAT	1	4.87384e-05
TCTTC	1	4.87384e-05
TCTTT	1	4.87384e-05
TCTTTA	1	4.87384e-05
TGAT	1	4.87384e-05
TGATC	1	4.87384e-05
TGCAG	1	4.87384e-05
TGCGGC	1	4.87384e-05
TGCTG	1	4.87384e-05
TGG	1	4.87384e-05
TGGAA	1	4.87384e-05
TGGAG	1	4.87384e-05
TGGCGG	1	4.87384e-05
TGGCT	1	4.87384e-05
TGGGA	1	4.87384e-05
TGTCT	1	4.87384e-05
TGTGG	1	4.87384e-05
TGTT	1	4.87384e-05
TTACG	1	4.87384e-05
TTACT	1	4.87384e-05
TTAGT	1	4.87384e-05
TTATTA	1	4.87384e-05
TTCAA	1	4.87384e-05
TTGAA	1	4.87384e-05
TTGGT	1	4.87384e-05
TTGT	1	4.87384e-05
TTT	1	4.87384e-05
TTTATT	1	4.87384e-05
TTTTCT	1	4.87384e-05
TTTTTT	1	4.87384e-05
