CTCGAT	21761	2.57787
GGAAGA	17886	2.11882
CTTGTG	14989	1.77564
TACTGC	14906	1.7658
GAGGAA	11065	1.31079
TGGCTA	10449	1.23782
TTGAGG	10435	1.23616
CTGACT	9432	1.11734
ATTCCG	9206	1.09057
ACCGTA	9112	1.07943
TACTCG	9066	1.07398
ACTCGT	8710	1.03181
TATCCG	8686	1.02897
GATCCT	7883	0.933841
TTCGTG	7540	0.893208
TACCGA	7427	0.879822
CTGTGT	7381	0.874373
AGGTAC	7364	0.872359
TTCGGA	7096	0.840611
ATCGAG	6903	0.817748
TAGCTC	6891	0.816326
ACTAGG	6825	0.808508
GACCAA	6785	0.803769
TCAACC	6772	0.802229
TGGACT	6057	0.717528
TGCGTA	5916	0.700825
AACCAG	5880	0.69656
CTACAC	5832	0.690874
CTCTTC	5824	0.689926
AGAGTC	5794	0.686373
AACGTG	5693	0.674408
TAGTCC	5664	0.670972
TCTCTC	5418	0.641831
TGCTAC	5082	0.602027
AACTCC	5077	0.601435
TAGCAG	5057	0.599066
ACATGG	4945	0.585798
TTCGAC	4869	0.576795
TGCATC	4780	0.566251
TACCAC	4748	0.562461
TCTGTG	4639	0.549548
GAACTG	4622	0.547534
CTGATC	4533	0.536991
AGGTGA	4518	0.535214
TAACGG	4440	0.525974
AGATCG	4386	0.519577
TAAGCG	4296	0.508915
TGTTCG	4249	0.503348
GGATCA	4159	0.492686
GACTTC	4144	0.490909
TCAGTC	4044	0.479063
GGAACT	3890	0.46082
TCCAGA	3732	0.442103
AGGATC	3715	0.440089
TGGTAG	3686	0.436653
ACACCT	3672	0.434995
TGACGA	3634	0.430493
GATAGG	3611	0.427769
GACGAT	3526	0.417699
TCAGAG	3475	0.411658
ACTCTG	3441	0.40763
CTAAGC	3421	0.405261
GAACGT	3367	0.398864
TGTTGC	3315	0.392704
TACACC	3166	0.375053
TCGTAC	3160	0.374342
GAATGG	3159	0.374223
GAGATC	3078	0.364628
AAGACC	3065	0.363088
AACTGG	3061	0.362614
TGTGTC	2949	0.349346
GAGACT	2948	0.349228
AGTTCC	2926	0.346622
AGACGT	2903	0.343897
GATCGA	2849	0.3375
TGTGGA	2795	0.331103
TCGTTG	2794	0.330985
GAGCAT	2774	0.328615
AATGCG	2755	0.326365
AACACG	2736	0.324114
ATGACG	2726	0.322929
ATGCGT	2717	0.321863
TTCAGC	2688	0.318428
ACCACA	2672	0.316532
AGCTGT	2641	0.31286
AGTCCT	2579	0.305515
TGCTCT	2555	0.302672
ACAAGC	2537	0.30054
AGACTG	2506	0.296867
CTGTTG	2505	0.296749
TCCTCA	2457	0.291063
GAGGTT	2434	0.288338
TCGATC	2405	0.284903
AGAGGA	2371	0.280875
TCTGAC	2341	0.277321
TGTAGG	2334	0.276492
CTATCC	2330	0.276018
CCTGAT	2313	0.274004
TTGGTC	2311	0.273767
AGAAGG	2299	0.272346
ATGGTG	2295	0.271872
GACATG	2215	0.262395
CTTCTC	2168	0.256827
TGACTC	2156	0.255405
TGCAAG	2145	0.254102
TCAGCT	2137	0.253155
ATGTCC	2123	0.251496
ACGCTA	2072	0.245455
TTCCAG	2069	0.245099
AGTGGT	2067	0.244862
GAGAAG	2040	0.241664
GATGGT	2035	0.241071
TGGTGT	2027	0.240124
TCCTAG	2009	0.237991
AAGCAC	2003	0.237281
AGAACC	1990	0.235741
GACTCT	1983	0.234911
TTCCGT	1965	0.232779
TTGGAG	1931	0.228751
AACCTC	1930	0.228633
TATCGC	1928	0.228396
AGTTGG	1879	0.222591
TCTCGA	1861	0.220459
TCTAGC	1826	0.216313
AGTGAC	1817	0.215247
TCTACG	1811	0.214536
TCGAGT	1787	0.211693
ACCGAT	1776	0.21039
TGCTGA	1766	0.209205
GACACA	1765	0.209087
GGATGT	1758	0.208257
ACCTCT	1756	0.20802
AACAGC	1749	0.207191
CTTCGA	1747	0.206954
TCTCAG	1733	0.205296
TGGAGA	1726	0.204467
AAGGTC	1722	0.203993
TATGCC	1714	0.203045
ACTTGC	1709	0.202453
ACCATC	1707	0.202216
GATGCA	1699	0.201268
TCCGTT	1675	0.198425
ATGCAG	1647	0.195108
TGAGTG	1610	0.190725
GGACAT	1580	0.187171
CTCCTT	1574	0.18646
CTCACA	1566	0.185512
TACGCA	1564	0.185276
ACGACT	1548	0.18338
ATAGGC	1543	0.182788
TGTACC	1540	0.182432
GAGTGT	1523	0.180419
TGTCCA	1523	0.180419
AGCCAT	1516	0.179589
TTAGCC	1497	0.177339
TGGAAC	1489	0.176391
ATTGCC	1484	0.175799
TGCCTT	1470	0.17414
AAGTCG	1464	0.173429
GAGTAC	1443	0.170942
AGGAAG	1402	0.166085
ATACGG	1396	0.165374
ATTACG	1389	0.164545
CTGTCA	1388	0.164426
TTACCG	1388	0.164426
TATACG	1346	0.159451
CTCAGT	1342	0.158977
CACGAT	1333	0.157911
AGTACG	1301	0.15412
TAGAGC	1298	0.153765
AGTGCA	1295	0.153409
GGATAG	1287	0.152461
AGAGAG	1282	0.151869
TCAGGA	1282	0.151869
TGTCGT	1277	0.151277
TTCTGG	1267	0.150092
TGGTTC	1258	0.149026
TGAGGT	1255	0.148671
AAGGCA	1252	0.148315
AGGAGT	1248	0.147841
TAGGTG	1237	0.146538
CCTCAA	1227	0.145354
ATGTGG	1216	0.144051
CTTACC	1214	0.143814
CTAGAG	1200	0.142155
CTCTCT	1188	0.140734
TCACCA	1164	0.137891
CTTGGT	1130	0.133863
CTATGG	1113	0.131849
AGCCTA	1059	0.125452
AAGGAG	1044	0.123675
TAGGAC	1037	0.122846
TAGGCT	996	0.117989
AACCGT	987	0.116923
CTGCAT	964	0.114198
TGTGCT	963	0.11408
GATTCG	962	0.113961
AGCATG	955	0.113132
ACGTGT	938	0.111118
GAGTTG	930	0.11017
ACGATG	919	0.108867
TAAGGC	919	0.108867
CTTCAG	912	0.108038
CATGTG	909	0.107683
TACGTC	896	0.106143
GGAATG	895	0.106024
ACAACG	877	0.103892
CCTCTT	872	0.103299
AGGACA	856	0.101404
TTTAGG	856	0.101404
GAAGGA	830	0.098324
GACTGA	830	0.098324
ATCTCG	829	0.0982055
ATCGCA	827	0.0979686
TGACAG	825	0.0977317
CCTTGA	819	0.0970209
CTAGTC	812	0.0961917
AATCCG	802	0.095007
TGCGAT	800	0.0947701
ACAAGG	799	0.0946516
AGCAAC	797	0.0944147
TTAGTG	792	0.0938224
TGTCAC	791	0.0937039
TCGACA	773	0.0915716
ACGAAC	772	0.0914532
ATCCGA	764	0.0905055
CCTTAC	763	0.090387
TTGCGA	760	0.0900316
GACTAG	758	0.0897947
TTACGC	745	0.0882547
CTGAAG	744	0.0881362
ATCGTC	740	0.0876624
ACCTTG	725	0.0858854
TGACCT	712	0.0843454
AGAGCT	706	0.0836346
CCTTCT	705	0.0835162
ATGGAC	694	0.0822131
AGGCAA	693	0.0820946
AGCAGA	690	0.0817392
AACACC	681	0.0806731
AGGCTT	668	0.079133
TAAACC	666	0.0788961
TCACTG	665	0.0787777
ACCAAG	663	0.0785407
TCTCCT	657	0.07783
TTAGGA	657	0.07783
TTGACC	647	0.0766453
CTACTG	645	0.0764084
ATCCTG	643	0.0761715
TCGCTT	640	0.0758161
CTGCTA	629	0.074513
ACTGTC	625	0.0740391
TACAGC	612	0.0724991
TGGTCA	609	0.0721437
CAGACT	600	0.0710776
GGAACA	595	0.0704853
AAGTGC	577	0.0683529
GAACAC	568	0.0672868
TCTGGT	561	0.0664575
AACCAC	549	0.065036
CCTGTA	538	0.0637329
GAGGCA	536	0.063496
TGATCC	532	0.0630221
TTCACG	500	0.0592313
AAGCTG	497	0.0588759
AATACG	492	0.0582836
GACCTT	484	0.0573359
AGCACT	474	0.0561513
CTTGCA	470	0.0556774
TTAGAC	470	0.0556774
AGCTAG	467	0.0553221
GATGAC	462	0.0547297
TAACCG	459	0.0543744
ACAACC	450	0.0533082
ATAGAG	448	0.0530713
TGAGAC	447	0.0529528
ACACGT	445	0.0527159
GACAAC	431	0.0510574
AACGAG	429	0.0508205
TGCTTG	421	0.0498728
CTCAAC	411	0.0486881
ACCCTA	410	0.0485697
AGGCTA	410	0.0485697
CTCTAG	405	0.0479774
GATACT	402	0.047622
TACTAG	394	0.0466743
TTAAGC	392	0.0464374
TAATGC	387	0.045845
TTGTGC	386	0.0457266
TACACG	379	0.0448973
AACTGC	368	0.0435943
ACGTTC	366	0.0433573
CAACAC	365	0.0432389
ATCGTG	361	0.042765
CAGTGT	361	0.042765
TATCTC	360	0.0426466
ACGAGA	352	0.0416988
ACACCA	350	0.0414619
CTAACG	350	0.0414619
CTAGAT	349	0.0413435
GATCCA	346	0.0409881
CTCGAA	344	0.0407511
TACAGA	338	0.0400404
TT	337	0.0399219
TAATCG	335	0.039685
AGTCGA	329	0.0389742
ATGAGG	323	0.0382634
AACTCG	309	0.036605
ACCTAC	309	0.036605
ATCGGA	308	0.0364865
AAAGCG	307	0.036368
TCATGC	307	0.036368
TTCCTC	306	0.0362496
AACCGA	302	0.0357757
CACTTC	302	0.0357757
TATAGC	300	0.0355388
AAAACC	298	0.0353019
TATCAG	297	0.0351834
TCAAGG	296	0.0350649
GAACAG	292	0.0345911
AACAGG	290	0.0343542
GAACCT	288	0.0341172
TTACAG	287	0.0339988
AGATAG	286	0.0338803
CTCCAT	286	0.0338803
CAGATC	284	0.0336434
CTGACA	283	0.0335249
AACCTG	282	0.0334065
TAAGAG	282	0.0334065
TCTTCC	282	0.0334065
TAGTAC	281	0.033288
TGTTAG	277	0.0328142
AAGCCT	273	0.0323403
TCCACA	272	0.0322218
AAGCAG	267	0.0316295
ACTCCT	267	0.0316295
AACGCT	264	0.0312741
CTCTGA	263	0.0311557
GAAAGG	262	0.0310372
TAAACG	262	0.0310372
CTGGAA	261	0.0309187
TAACGA	259	0.0306818
ATCTGC	256	0.0303264
TAAGTC	255	0.030208
TAGCTA	254	0.0300895
ATTGTG	252	0.0298526
GACGAA	250	0.0296157
TACCCA	249	0.0294972
AAAACG	245	0.0290233
TATGTG	244	0.0289049
AAACGG	243	0.0287864
TACCGC	243	0.0287864
AGAACG	240	0.028431
TAGCAC	238	0.0281941
TCACTC	237	0.0280756
CTCTTA	236	0.0279572
AAGTCC	235	0.0278387
ACTACG	234	0.0277203
AGCGTA	231	0.0273649
ACC	230	0.0272464
TTGCTG	230	0.0272464
CTCGCT	228	0.0270095
TACTCA	227	0.026891
ACACTG	226	0.0267726
ATCGAC	224	0.0265356
ATCGGT	224	0.0265356
CAGGAA	224	0.0265356
GACATC	224	0.0265356
AAACAG	223	0.0264172
TCCTTC	223	0.0264172
TGTACT	222	0.0262987
TGCAAC	221	0.0261802
CTCATC	217	0.0257064
AAGCTC	215	0.0254695
TACTCC	212	0.0251141
TTACGT	209	0.0247587
ACAGTC	207	0.0245218
ACTAGT	205	0.0242848
TAAAGG	203	0.0240479
TCATCG	203	0.0240479
TCTTGG	200	0.0236925
TAGATC	199	0.0235741
AAATGG	197	0.0233371
AAGCGT	197	0.0233371
TACCCC	197	0.0233371
ATCCAG	196	0.0232187
TTCGCC	196	0.0232187
AAAAGG	195	0.0231002
AACGTA	195	0.0231002
AGCTTC	194	0.0229818
CTTTTG	194	0.0229818
CTTGTT	192	0.0227448
AGGACT	191	0.0226264
ACTCAG	190	0.0225079
ATCGAT	190	0.0225079
TCGTGA	190	0.0225079
TTGCTA	190	0.0225079
TAACAC	189	0.0223894
ACCAAC	188	0.022271
AGCTAC	188	0.022271
TCAGTG	188	0.022271
CTAACC	186	0.0220341
AAGACG	184	0.0217971
TGTTTC	183	0.0216787
AAATCG	181	0.0214417
ATAGTG	179	0.0212048
TCTAGT	178	0.0210863
AGACAG	177	0.0209679
AGTTAC	176	0.0208494
AAAGAG	175	0.020731
AGACGA	175	0.020731
TATCCC	175	0.020731
ACATTG	174	0.0206125
CCAGAT	173	0.020494
TAGTTG	170	0.0201386
AAACCG	169	0.0200202
TACTTC	168	0.0199017
AGACCT	166	0.0196648
AGGAAC	166	0.0196648
GGAATA	166	0.0196648
TAACAG	165	0.0195463
TGCATA	165	0.0195463
GAGACA	164	0.0194279
TCACAC	162	0.0191909
AATAGG	161	0.0190725
AGACTC	161	0.0190725
CAGTTG	161	0.0190725
TTTGTC	161	0.0190725
TTCGGC	160	0.018954
TAACCA	159	0.0188356
TTGACG	159	0.0188356
ATACCG	158	0.0187171
TAAGCT	158	0.0187171
ATTTCC	157	0.0185986
TCAGAC	157	0.0185986
AAAGTG	156	0.0184802
AATCGT	156	0.0184802
GAGATA	155	0.0183617
ACTATG	154	0.0182432
TATTCC	154	0.0182432
CACGAA	153	0.0181248
AAGGTG	151	0.0178879
CTGATA	151	0.0178879
TGGACA	151	0.0178879
AACTAC	150	0.0177694
TTAACG	150	0.0177694
AACAAG	148	0.0175325
GACAAG	148	0.0175325
CTGTTT	147	0.017414
GGACTA	147	0.017414
AACACA	146	0.0172955
AATGCC	146	0.0172955
AGGTAG	146	0.0172955
CTTC	146	0.0172955
TATGAC	146	0.0172955
TCACAG	146	0.0172955
CATCTC	145	0.0171771
CGAAGA	145	0.0171771
AGAAGA	144	0.0170586
TAAAGC	144	0.0170586
ACGGTT	143	0.0169402
AGTTCG	143	0.0169402
ATTCAG	142	0.0168217
GATAGA	142	0.0168217
CAAAGC	141	0.0167032
AAAAGC	140	0.0165848
GGAAGG	140	0.0165848
TACGTT	140	0.0165848
AAGTAC	139	0.0164663
CATCGA	139	0.0164663
TAAGCC	139	0.0164663
TTACGA	138	0.0163478
AGGTAA	137	0.0162294
AGAGTA	136	0.0161109
GAATTG	136	0.0161109
TCTCAC	136	0.0161109
TGAAGA	136	0.0161109
AAACCT	135	0.0159925
AAAGGC	135	0.0159925
ACATGC	134	0.015874
AAACAC	133	0.0157555
AA	132	0.0156371
AACAAC	132	0.0156371
CGCGAT	132	0.0156371
TATACC	132	0.0156371
AAACTG	131	0.0155186
AAAGTC	131	0.0155186
TACACA	131	0.0155186
AAATCC	130	0.0154001
AATACC	130	0.0154001
ATTCCC	130	0.0154001
TAATCC	129	0.0152817
CGTGTG	128	0.0151632
CTAGTG	128	0.0151632
TACAAC	128	0.0151632
AAGTGA	127	0.0150448
TACTGA	127	0.0150448
TGACCA	127	0.0150448
AAACGT	126	0.0149263
AACCAA	126	0.0149263
AATCCT	126	0.0149263
AGATCC	126	0.0149263
CAGACA	126	0.0149263
CCCGAT	126	0.0149263
GACTTA	126	0.0149263
ACGTAC	125	0.0148078
TAACTC	125	0.0148078
AGTCCA	124	0.0146894
GAGGAG	124	0.0146894
TGGCAA	124	0.0146894
ACCGAA	123	0.0145709
AGGATA	123	0.0145709
GAAATG	123	0.0145709
GGAGGA	123	0.0145709
TCTCTA	123	0.0145709
AACGAT	122	0.0144524
AGCATC	122	0.0144524
ATAGGA	122	0.0144524
ACCACT	121	0.014334
ACCATA	121	0.014334
TATCGA	121	0.014334
CTCGTG	120	0.0142155
GAAGAA	120	0.0142155
GGGAGA	120	0.0142155
AAGTCA	119	0.0140971
TAGAGT	119	0.0140971
AAGGAA	118	0.0139786
AGTTGC	118	0.0139786
CAATCC	118	0.0139786
TTATGG	118	0.0139786
AATGTG	117	0.0138601
CTTATG	116	0.0137417
GAGCAA	116	0.0137417
TGCTGC	116	0.0137417
AGCAAG	115	0.0136232
ATAGAC	115	0.0136232
CACCAT	115	0.0136232
AACGTC	114	0.0135047
GAACAT	114	0.0135047
TCGAT	114	0.0135047
TCTATC	114	0.0135047
TAACCC	113	0.0133863
TTCGCT	113	0.0133863
AACGCA	112	0.0132678
CTAAAC	112	0.0132678
CTGCCT	112	0.0132678
TCGTTT	112	0.0132678
AATCAG	111	0.0131494
ACAATG	111	0.0131494
AGTGTC	111	0.0131494
CTATTC	111	0.0131494
AAGAAC	110	0.0130309
AGCTGA	110	0.0130309
ATGACT	110	0.0130309
CTCGGT	110	0.0130309
ATCAGG	109	0.0129124
ATGTAC	109	0.0129124
GAACGA	109	0.0129124
TACCCG	109	0.0129124
AATCCC	108	0.012794
AGCTCT	108	0.012794
ATTACC	108	0.012794
CAGTCA	108	0.012794
GGGGAA	108	0.012794
TAACGC	108	0.012794
TCAAAC	108	0.012794
AAGACA	107	0.0126755
CTCACT	107	0.0126755
GAGGGA	107	0.0126755
TTCAAG	107	0.0126755
AACCCC	106	0.012557
AGCCAA	106	0.012557
TTCGTA	106	0.012557
AAAAAC	105	0.0124386
AATTCG	105	0.0124386
AGTTTG	105	0.0124386
CTATAC	105	0.0124386
CTCGAC	105	0.0124386
TTGACT	105	0.0124386
AGAGAC	104	0.0123201
TGCCTA	104	0.0123201
ACTGTG	103	0.0122017
ATGGTC	103	0.0122017
GACAAA	103	0.0122017
AAACTC	102	0.0120832
AGAGGT	102	0.0120832
AGTACC	102	0.0120832
CTTGCG	102	0.0120832
TCGCAA	102	0.0120832
AAGCCC	101	0.0119647
ACTCTC	101	0.0119647
ATACAG	101	0.0119647
ATAGTC	101	0.0119647
CACACA	101	0.0119647
AACCCA	100	0.0118463
ATAAGC	100	0.0118463
ATAAGG	100	0.0118463
GTC	100	0.0118463
AACCTA	99	0.0117278
ACGACA	99	0.0117278
ACGATC	99	0.0117278
AGTCAG	99	0.0117278
ATACTG	99	0.0117278
CAAGAT	99	0.0117278
GGATAA	99	0.0117278
AACTAG	98	0.0116093
ATGTGT	98	0.0116093
TACTAC	98	0.0116093
AACCCT	97	0.0114909
ATAACG	97	0.0114909
GGAAGC	97	0.0114909
ATTAGG	96	0.0113724
TATAAG	96	0.0113724
ACCTCA	94	0.0111355
ATGATC	94	0.0111355
CACATC	94	0.0111355
TTGGGG	94	0.0111355
AAATGC	93	0.011017
ACATCG	93	0.011017
AGAGTG	93	0.011017
AGTGGA	93	0.011017
TGATGG	93	0.011017
TTCCAC	93	0.011017
TTTGAG	93	0.011017
AAACCA	92	0.0108986
ATAGCC	92	0.0108986
CAGCAT	92	0.0108986
GACACT	92	0.0108986
GAGAAC	92	0.0108986
ATCAGC	91	0.0107801
TAAGTG	91	0.0107801
TGTGTA	91	0.0107801
TTCCGA	91	0.0107801
ACCATG	90	0.0106616
TCAGCC	90	0.0106616
ATACAC	89	0.0105432
GACCAT	89	0.0105432
GGAAAA	89	0.0105432
AAAAAG	88	0.0104247
AACGCG	88	0.0104247
CTGACC	88	0.0104247
GAAACT	88	0.0104247
GAG	88	0.0104247
TACAAG	88	0.0104247
TCTAAG	88	0.0104247
ATAACC	87	0.0103062
GAAAGA	87	0.0103062
TGCTCA	87	0.0103062
TTCGGG	87	0.0103062
AACATC	86	0.0101878
ACTACC	86	0.0101878
CCTGTG	86	0.0101878
CTAATC	86	0.0101878
TAAAAC	86	0.0101878
TGAACC	86	0.0101878
AGGAGA	85	0.0100693
CATACC	85	0.0100693
GAACAA	85	0.0100693
TAAGGA	85	0.0100693
TGTAG	85	0.0100693
AGAATG	84	0.00995086
AGGTTC	84	0.00995086
AGTACT	84	0.00995086
TACCAA	84	0.00995086
TGCTAA	84	0.00995086
ACCAGA	83	0.0098324
GACGCA	83	0.0098324
TAGAGG	83	0.0098324
TTAACC	83	0.0098324
AAGCTA	82	0.00971394
TCCACT	82	0.00971394
TGGTTA	82	0.00971394
TTACTC	82	0.00971394
CTACCC	81	0.00959547
CTGAAC	81	0.00959547
TTCCTG	81	0.00959547
AAGACT	80	0.00947701
ACTAGC	80	0.00947701
ATCCGT	80	0.00947701
CTTATC	80	0.00947701
GATATG	80	0.00947701
TGACAC	80	0.00947701
TTCATC	80	0.00947701
AATTCC	79	0.00935855
ATGAAG	79	0.00935855
ATGACC	79	0.00935855
CACCAA	79	0.00935855
GACCCA	79	0.00935855
TCGACT	79	0.00935855
TGGCGA	79	0.00935855
AACCCG	78	0.00924009
AACTCA	78	0.00924009
ACGCCT	78	0.00924009
ACTCGA	78	0.00924009
ATTCGT	78	0.00924009
ACTCCG	77	0.00912162
TCAACG	77	0.00912162
TCACCC	77	0.00912162
AAGGAC	76	0.00900316
AGTAGG	76	0.00900316
ATTAAG	76	0.00900316
GAACCA	76	0.00900316
TGAGTA	76	0.00900316
CCATCT	75	0.0088847
GAGTAA	75	0.0088847
TACTCT	75	0.0088847
TCAGTA	75	0.0088847
TGACTA	75	0.0088847
TGGCCT	75	0.0088847
ACAAGT	74	0.00876624
ATCGCG	74	0.00876624
GACCAG	74	0.00876624
TAGACC	74	0.00876624
TCGAGG	74	0.00876624
TCTAGA	74	0.00876624
TGTACA	74	0.00876624
TTACCC	74	0.00876624
TTCTAC	74	0.00876624
TTGATG	74	0.00876624
AACGAA	73	0.00864777
AACTCT	73	0.00864777
ACAGAG	73	0.00864777
ACAGTG	73	0.00864777
ACGAGT	73	0.00864777
GACTCA	73	0.00864777
TAAGAC	73	0.00864777
TCTACC	73	0.00864777
TGGCTC	73	0.00864777
TTCGTT	73	0.00864777
AACTTG	72	0.00852931
AAGATC	72	0.00852931
CACGCT	72	0.00852931
CTCCTC	72	0.00852931
TAACTG	72	0.00852931
TACATC	72	0.00852931
TCACGA	72	0.00852931
AACCAT	71	0.00841085
AATCTG	71	0.00841085
AGCAGT	71	0.00841085
AGGGTC	71	0.00841085
CCATAC	71	0.00841085
CTTGAT	71	0.00841085
TTCACC	71	0.00841085
AAACCC	70	0.00829238
AACAGA	70	0.00829238
AATAAG	70	0.00829238
AGAAAG	70	0.00829238
ATACGA	70	0.00829238
GATACA	70	0.00829238
GCCCAA	70	0.00829238
TAGCCC	70	0.00829238
TAGCTT	70	0.00829238
TATCCT	70	0.00829238
TGGGCT	70	0.00829238
AAACGA	69	0.00817392
ACAAAC	69	0.00817392
ACACAG	69	0.00817392
CTATTG	69	0.00817392
TCGATA	69	0.00817392
AACTTC	68	0.00805546
AGGTGC	68	0.00805546
CAGAAG	68	0.00805546
CATGGT	68	0.00805546
GCT	68	0.00805546
TCGAAC	68	0.00805546
TCTGTT	68	0.00805546
TGGCCA	68	0.00805546
AACCGC	67	0.007937
ATGTTG	67	0.007937
CCACAA	67	0.007937
GAAGGT	67	0.007937
GGAAGT	67	0.007937
GGCCAA	67	0.007937
TATCAC	67	0.007937
TCCAAG	67	0.007937
ACAGTA	66	0.00781853
ACCCAT	66	0.00781853
ACGTGA	66	0.00781853
ACTGAC	66	0.00781853
ATGGAG	66	0.00781853
GAGTCA	66	0.00781853
GATACG	66	0.00781853
GGGACT	66	0.00781853
TAAGCA	66	0.00781853
AGGTGT	65	0.00770007
CAACTG	65	0.00770007
CAATGG	65	0.00770007
CATTTG	65	0.00770007
CCATGA	65	0.00770007
CTCAAT	65	0.00770007
GACCCT	65	0.00770007
GACGCT	65	0.00770007
TACGTG	65	0.00770007
TAGCA	65	0.00770007
TGACGC	65	0.00770007
TTTTCG	65	0.00770007
ACTCGC	64	0.00758161
ATGAGT	64	0.00758161
CTGAGG	64	0.00758161
GAAGCA	64	0.00758161
GAATCG	64	0.00758161
TGAATC	64	0.00758161
TGCGTC	64	0.00758161
TTATCC	64	0.00758161
TTCGCG	64	0.00758161
TTGGTG	64	0.00758161
TTGTAG	64	0.00758161
AAATTG	63	0.00746315
ATCGTA	63	0.00746315
CACCTT	63	0.00746315
GATTAG	63	0.00746315
TAATAG	63	0.00746315
TCTCCA	63	0.00746315
AAGGCC	62	0.00734468
ATATCG	62	0.00734468
CACTTA	62	0.00734468
CATGTT	62	0.00734468
GACGTG	62	0.00734468
TACCTC	62	0.00734468
TCCGTG	62	0.00734468
TGGTAC	62	0.00734468
TGTGTG	62	0.00734468
TTACAC	62	0.00734468
AACCGG	61	0.00722622
AAGTGG	61	0.00722622
ACCTGT	61	0.00722622
AGACCA	61	0.00722622
ATCGAA	61	0.00722622
GACTCC	61	0.00722622
GAGCCT	61	0.00722622
GGACAA	61	0.00722622
TAAAAG	61	0.00722622
TAAAGA	61	0.00722622
TGGACC	61	0.00722622
ATCCCG	60	0.00710776
CCACTT	60	0.00710776
CTGGCT	60	0.00710776
TCAACA	60	0.00710776
TGCACC	60	0.00710776
TGCTCG	60	0.00710776
TGTCCG	60	0.00710776
TGTCTA	60	0.00710776
TGTTGA	60	0.00710776
TTTACC	60	0.00710776
AAAACA	59	0.0069893
AAAGCA	59	0.0069893
ACAACT	59	0.0069893
ACCGCA	59	0.0069893
ACGAAG	59	0.0069893
AGAGGC	59	0.0069893
ATATGC	59	0.0069893
CAAACC	59	0.0069893
GAAACA	59	0.0069893
GAAAGT	59	0.0069893
GATGAA	59	0.0069893
GGAGAA	59	0.0069893
TTAAGG	59	0.0069893
ACGCAA	58	0.00687083
ACGTTG	58	0.00687083
ACTTTC	58	0.00687083
AGCACA	58	0.00687083
ATACGT	58	0.00687083
CACTCT	58	0.00687083
CCGACT	58	0.00687083
GGACGT	58	0.00687083
TAGGAA	58	0.00687083
TCAAGC	58	0.00687083
AATCTC	57	0.00675237
ACAACA	57	0.00675237
AGTGCC	57	0.00675237
CACTGC	57	0.00675237
GGAAAT	57	0.00675237
TAAATC	57	0.00675237
TGATAC	57	0.00675237
TGGTTG	57	0.00675237
TGTACG	57	0.00675237
TTTACG	57	0.00675237
AGCCTT	56	0.00663391
ATGACA	56	0.00663391
TAAACA	56	0.00663391
TATCTA	56	0.00663391
TTCTGA	56	0.00663391
TTGGTA	56	0.00663391
AAAGAC	55	0.00651545
AACATG	55	0.00651545
ACAGGA	55	0.00651545
ACCCAA	55	0.00651545
ATATGG	55	0.00651545
ATCAAG	55	0.00651545
ATGCTA	55	0.00651545
CTTAGA	55	0.00651545
TCACCT	55	0.00651545
TCGTAA	55	0.00651545
TGTCTC	55	0.00651545
ACCACC	54	0.00639698
ACTAAG	54	0.00639698
AGAAAC	54	0.00639698
AGGCAC	54	0.00639698
CAAGTG	54	0.00639698
CCTCTC	54	0.00639698
CTGCGT	54	0.00639698
GACTAC	54	0.00639698
GCCGTA	54	0.00639698
TACGCC	54	0.00639698
TAGAAC	54	0.00639698
TAGCAA	54	0.00639698
TAGTCA	54	0.00639698
TGCACT	54	0.00639698
TTACTG	54	0.00639698
TTTCGA	54	0.00639698
AACGTT	53	0.00627852
ACAAAG	53	0.00627852
ACACTC	53	0.00627852
AGAGGG	53	0.00627852
AGGTGG	53	0.00627852
ATCACG	53	0.00627852
ATCGGG	53	0.00627852
ATTGTC	53	0.00627852
CTTGAG	53	0.00627852
GGTCCT	53	0.00627852
TGGCTG	53	0.00627852
TTCGAA	53	0.00627852
AAGAAG	52	0.00616006
AAGAGT	52	0.00616006
AAGTGT	52	0.00616006
ACCCCA	52	0.00616006
AGAACA	52	0.00616006
ATATCC	52	0.00616006
CAAGAG	52	0.00616006
CACCGA	52	0.00616006
CGGCTA	52	0.00616006
GACATT	52	0.00616006
GACCAC	52	0.00616006
GAGAAA	52	0.00616006
GTTCCG	52	0.00616006
TATATC	52	0.00616006
TGCCTC	52	0.00616006
TTAGGT	52	0.00616006
AAAATG	51	0.00604159
AATAGC	51	0.00604159
ACCAAA	51	0.00604159
ACCGTT	51	0.00604159
AGCGAT	51	0.00604159
AGCTCC	51	0.00604159
CACAGT	51	0.00604159
CTCTCA	51	0.00604159
CTGAGT	51	0.00604159
CTTCTA	51	0.00604159
GAGACC	51	0.00604159
TAGACA	51	0.00604159
TCGCTC	51	0.00604159
AATAGT	50	0.00592313
AATGAC	50	0.00592313
AGATAC	50	0.00592313
AGCGTG	50	0.00592313
CAAGTC	50	0.00592313
CTAACA	50	0.00592313
GAAAAG	50	0.00592313
GACATA	50	0.00592313
TAGACT	50	0.00592313
TGCCAC	50	0.00592313
TGTAAC	50	0.00592313
TGTATG	50	0.00592313
TTAGTT	50	0.00592313
AAAGCC	49	0.00580467
AATCAC	49	0.00580467
ACTGTA	49	0.00580467
AGAAGT	49	0.00580467
AGTAAG	49	0.00580467
ATCTAG	49	0.00580467
CATGCA	49	0.00580467
CCAACC	49	0.00580467
CTAGAA	49	0.00580467
CTCATA	49	0.00580467
GAACTT	49	0.00580467
GCTAGG	49	0.00580467
GGATCG	49	0.00580467
TACGTA	49	0.00580467
TCAGCA	49	0.00580467
TCGACC	49	0.00580467
TGTTCC	49	0.00580467
TTTGTG	49	0.00580467
AGATC	48	0.00568621
AGTTAG	48	0.00568621
ATACGC	48	0.00568621
ATAGCA	48	0.00568621
ATCTTC	48	0.00568621
CAAAAC	48	0.00568621
CAGCTC	48	0.00568621
CTACAT	48	0.00568621
CTGGTT	48	0.00568621
GAGCTG	48	0.00568621
GGGTAC	48	0.00568621
TACGGA	48	0.00568621
TAGAAG	48	0.00568621
TCCAGC	48	0.00568621
TTTTGC	48	0.00568621
ACCGCT	47	0.00556774
ATCCAT	47	0.00556774
ATGATG	47	0.00556774
CGAACA	47	0.00556774
CTTTGT	47	0.00556774
GACACG	47	0.00556774
GGA	47	0.00556774
TCCCTC	47	0.00556774
TCCGGA	47	0.00556774
TTCAAC	47	0.00556774
TTCCTT	47	0.00556774
AAAACT	46	0.00544928
AAAGGA	46	0.00544928
ACCGAG	46	0.00544928
AGAACT	46	0.00544928
AGATCA	46	0.00544928
CCAGTA	46	0.00544928
CTAAGG	46	0.00544928
CTGAAT	46	0.00544928
GATGCT	46	0.00544928
TAACGT	46	0.00544928
TAGCGG	46	0.00544928
TATTGC	46	0.00544928
TCAATC	46	0.00544928
TCCTAC	46	0.00544928
TGAGTC	46	0.00544928
TGTAGT	46	0.00544928
TTCGAG	46	0.00544928
AAGCAA	45	0.00533082
ACAATC	45	0.00533082
AGAGCA	45	0.00533082
AGGACC	45	0.00533082
AGGCGA	45	0.00533082
ATCGCC	45	0.00533082
ATTTGG	45	0.00533082
CAGCTA	45	0.00533082
CTACGC	45	0.00533082
CTGGTC	45	0.00533082
GAAGCT	45	0.00533082
GATCCC	45	0.00533082
TACCGG	45	0.00533082
TACGAC	45	0.00533082
TGACGG	45	0.00533082
TGCAGA	45	0.00533082
TGTGCC	45	0.00533082
AAACAA	44	0.00521236
AACTGA	44	0.00521236
AATGCA	44	0.00521236
ACCCCT	44	0.00521236
ACTTGG	44	0.00521236
AGACAC	44	0.00521236
AGAGCC	44	0.00521236
AGATGG	44	0.00521236
AGTGCG	44	0.00521236
ATACCT	44	0.00521236
ATGTGA	44	0.00521236
CCTGAA	44	0.00521236
CGGACT	44	0.00521236
CTACAA	44	0.00521236
CTCGGA	44	0.00521236
GGAACC	44	0.00521236
TAATTC	44	0.00521236
TCAAGA	44	0.00521236
TGCCGA	44	0.00521236
TGTCCC	44	0.00521236
TTAGGC	44	0.00521236
TTCAGA	44	0.00521236
AACACT	43	0.00509389
AAGTAG	43	0.00509389
AAGTTG	43	0.00509389
AGACTA	43	0.00509389
ATAGAT	43	0.00509389
ATCATC	43	0.00509389
CACTCG	43	0.00509389
CGACAC	43	0.00509389
GACCTC	43	0.00509389
GAGCGT	43	0.00509389
GAGGTC	43	0.00509389
GAGTTT	43	0.00509389
GATTGT	43	0.00509389
GGAAAG	43	0.00509389
TCTGCC	43	0.00509389
TGCCAT	43	0.00509389
TTCCCT	43	0.00509389
AAAGAA	42	0.00497543
ACACTA	42	0.00497543
AGGCCA	42	0.00497543
AGTACA	42	0.00497543
ATGCGA	42	0.00497543
CATCCT	42	0.00497543
CCGATC	42	0.00497543
GAATGT	42	0.00497543
GGACTG	42	0.00497543
TGAACA	42	0.00497543
TGTCGC	42	0.00497543
AAATAC	41	0.00485697
CATCAG	41	0.00485697
GAAACG	41	0.00485697
GACAGA	41	0.00485697
GAGGTA	41	0.00485697
GGGATC	41	0.00485697
TAAGTA	41	0.00485697
TCAAAG	41	0.00485697
TCCCTT	41	0.00485697
TGGATC	41	0.00485697
TTCGAT	41	0.00485697
TTCTCT	41	0.00485697
TTGCAG	41	0.00485697
AACGAC	40	0.00473851
AACTGT	40	0.00473851
AATATG	40	0.00473851
AATCCA	40	0.00473851
ACCGTG	40	0.00473851
ACCTAG	40	0.00473851
ACTCTT	40	0.00473851
AGGTA	40	0.00473851
AGGTCA	40	0.00473851
AGTGCT	40	0.00473851
ATTCCA	40	0.00473851
CTCCGT	40	0.00473851
GAAGAT	40	0.00473851
GAGGAC	40	0.00473851
TAGATA	40	0.00473851
TAGCCG	40	0.00473851
TCCTAA	40	0.00473851
TCGGTC	40	0.00473851
TGAGGA	40	0.00473851
TGCGAA	40	0.00473851
TGGTAT	40	0.00473851
TGTGGG	40	0.00473851
TTCATG	40	0.00473851
TTTGGA	40	0.00473851
AAGCCA	39	0.00462004
AGCATA	39	0.00462004
AGGTTA	39	0.00462004
ATACCC	39	0.00462004
ATCTGG	39	0.00462004
ATGAAC	39	0.00462004
ATGCCT	39	0.00462004
ATTGAC	39	0.00462004
CTACAG	39	0.00462004
CTACTT	39	0.00462004
CTTCAC	39	0.00462004
GCTCCT	39	0.00462004
TAGGCC	39	0.00462004
TCTCGC	39	0.00462004
TGCTAT	39	0.00462004
TTCTTG	39	0.00462004
AAAAGA	38	0.00450158
AAAATC	38	0.00450158
AAGAGC	38	0.00450158
AAGGTA	38	0.00450158
AATCGC	38	0.00450158
AATGAG	38	0.00450158
AGACAT	38	0.00450158
ATTGAG	38	0.00450158
CAAGAA	38	0.00450158
CACACT	38	0.00450158
CCGTGT	38	0.00450158
CTGCAC	38	0.00450158
CTTCTG	38	0.00450158
GCATGG	38	0.00450158
TACCAG	38	0.00450158
TAGGCG	38	0.00450158
TATTCG	38	0.00450158
TCCTTG	38	0.00450158
TCTTTG	38	0.00450158
TGCGTG	38	0.00450158
TTACCT	38	0.00450158
TTCAGG	38	0.00450158
TTGTGT	38	0.00450158
TTTCCG	38	0.00450158
AAATAG	37	0.00438312
AACAAA	37	0.00438312
ACAGCT	37	0.00438312
ACCCGT	37	0.00438312
ACTGCT	37	0.00438312
ACTGGT	37	0.00438312
AGAATC	37	0.00438312
AGCCGT	37	0.00438312
ATAAAC	37	0.00438312
ATGGCG	37	0.00438312
ATTTTG	37	0.00438312
CAGATA	37	0.00438312
CCTCGA	37	0.00438312
CGAACT	37	0.00438312
CGCGTA	37	0.00438312
CTAACT	37	0.00438312
CTATGT	37	0.00438312
GATCGC	37	0.00438312
GCTCGT	37	0.00438312
TAGCAT	37	0.00438312
TAGTAA	37	0.00438312
TATCCA	37	0.00438312
TCCACC	37	0.00438312
TCCATC	37	0.00438312
TCTCAT	37	0.00438312
TGATCG	37	0.00438312
TGTGGC	37	0.00438312
TTAAGA	37	0.00438312
TTCTGC	37	0.00438312
TTTATG	37	0.00438312
AAAAGT	36	0.00426466
AATTGC	36	0.00426466
ACACGA	36	0.00426466
ACACGG	36	0.00426466
AGTCAC	36	0.00426466
ATATAG	36	0.00426466
ATCCCA	36	0.00426466
CGTCTC	36	0.00426466
CTCTCC	36	0.00426466
CTGTGC	36	0.00426466
CTTAAC	36	0.00426466
CTTACT	36	0.00426466
GACACC	36	0.00426466
GACTAA	36	0.00426466
GAGCAC	36	0.00426466
GGATGA	36	0.00426466
GGGTCA	36	0.00426466
TACTTG	36	0.00426466
TCAGGG	36	0.00426466
TCTCT	36	0.00426466
TGAAAC	36	0.00426466
TGAACT	36	0.00426466
TGCTAG	36	0.00426466
TGCTCC	36	0.00426466
TGGAAA	36	0.00426466
TGGATA	36	0.00426466
TGGGTA	36	0.00426466
AACATA	35	0.00414619
AAGATG	35	0.00414619
AATAAC	35	0.00414619
AATACT	35	0.00414619
ACAAGA	35	0.00414619
AGACCG	35	0.00414619
ATCACA	35	0.00414619
ATGTCA	35	0.00414619
CAATTG	35	0.00414619
CTCAGC	35	0.00414619
CTCCAA	35	0.00414619
CTGCCA	35	0.00414619
TATAGG	35	0.00414619
TCTGCG	35	0.00414619
TGCGCA	35	0.00414619
TTGGGA	35	0.00414619
AATCGA	34	0.00402773
AGGCTC	34	0.00402773
AGTCGT	34	0.00402773
ATGCAC	34	0.00402773
ATTCGA	34	0.00402773
CAGCAG	34	0.00402773
CCTCAT	34	0.00402773
CGATCC	34	0.00402773
CTCTAC	34	0.00402773
CTCTTG	34	0.00402773
GAATAG	34	0.00402773
GAATTC	34	0.00402773
GACCGA	34	0.00402773
GTCGAG	34	0.00402773
TAGTAG	34	0.00402773
TAGTTC	34	0.00402773
TCATAG	34	0.00402773
TGAGAG	34	0.00402773
TGCGGA	34	0.00402773
TGGTCC	34	0.00402773
TGTCGA	34	0.00402773
TGTTGG	34	0.00402773
TTGAGC	34	0.00402773
TTGTTC	34	0.00402773
AAAGAT	33	0.00390927
AATGGT	33	0.00390927
AATTGG	33	0.00390927
ACAGAC	33	0.00390927
ACGCGT	33	0.00390927
ACTACT	33	0.00390927
AGACGC	33	0.00390927
ATACCA	33	0.00390927
ATCGGC	33	0.00390927
ATGCAA	33	0.00390927
CAACAG	33	0.00390927
CCCTTC	33	0.00390927
CGATCA	33	0.00390927
CTAAAG	33	0.00390927
CTCTGT	33	0.00390927
GCAAGA	33	0.00390927
GGGTGT	33	0.00390927
TAACAA	33	0.00390927
TCTTAC	33	0.00390927
TTAGAG	33	0.00390927
TTGAGA	33	0.00390927
AAATTC	32	0.0037908
ACATTC	32	0.0037908
ACGTGG	32	0.0037908
AGTAAC	32	0.0037908
AGTTGT	32	0.0037908
CTGCAA	32	0.0037908
GACTAT	32	0.0037908
GATCAT	32	0.0037908
GGATAT	32	0.0037908
TAGGTC	32	0.0037908
TCTCAA	32	0.0037908
TCTCCC	32	0.0037908
TCTGGC	32	0.0037908
TGACAA	32	0.0037908
TTTCCA	32	0.0037908
AAACAT	31	0.00367234
AAAGTA	31	0.00367234
ACATAG	31	0.00367234
ACCGGA	31	0.00367234
ACTATC	31	0.00367234
AGGAAA	31	0.00367234
AGTTCA	31	0.00367234
AGTTTC	31	0.00367234
ATAAAG	31	0.00367234
ATCAGA	31	0.00367234
ATGCGG	31	0.00367234
ATTCTC	31	0.00367234
CAATAC	31	0.00367234
CTACTC	31	0.00367234
CTGTCT	31	0.00367234
CTTAAG	31	0.00367234
TAACTA	31	0.00367234
TAATGG	31	0.00367234
TAGCTG	31	0.00367234
TGAAAG	31	0.00367234
TGCACA	31	0.00367234
TGCGTT	31	0.00367234
TTAAAG	31	0.00367234
AAAAG	30	0.00355388
AAAGCT	30	0.00355388
AATGTC	30	0.00355388
AGCCCT	30	0.00355388
AGCTGC	30	0.00355388
ATCACC	30	0.00355388
ATCATG	30	0.00355388
ATCCAC	30	0.00355388
ATCTCT	30	0.00355388
ATGGCC	30	0.00355388
ATTCAC	30	0.00355388
CAAACG	30	0.00355388
CACAAC	30	0.00355388
CAGAAC	30	0.00355388
CAGCAA	30	0.00355388
CGCATC	30	0.00355388
CTTCCA	30	0.00355388
GACTGG	30	0.00355388
GGAT	30	0.00355388
TAATGA	30	0.00355388
TACCTA	30	0.00355388
TATGTC	30	0.00355388
TCCAGG	30	0.00355388
TCGCCA	30	0.00355388
TGAGCG	30	0.00355388
TGCTTC	30	0.00355388
AAGAAA	29	0.00343542
AAGAGG	29	0.00343542
ACTGAT	29	0.00343542
AGGCCT	29	0.00343542
ATAGGT	29	0.00343542
ATGCCG	29	0.00343542
ATGGTT	29	0.00343542
CAACAT	29	0.00343542
CAATTC	29	0.00343542
CCA	29	0.00343542
CCCAGA	29	0.00343542
CGCTAC	29	0.00343542
CGTACC	29	0.00343542
CTATCA	29	0.00343542
GAACCG	29	0.00343542
GAGAAT	29	0.00343542
GATTCA	29	0.00343542
GGACCA	29	0.00343542
GGATCC	29	0.00343542
GGCACA	29	0.00343542
TACAAA	29	0.00343542
TCAGCG	29	0.00343542
TCAGGC	29	0.00343542
TCCCCA	29	0.00343542
TCCGAC	29	0.00343542
TGTATC	29	0.00343542
TTCAGT	29	0.00343542
TTTTTC	29	0.00343542
AAACGC	28	0.00331695
ACCCTC	28	0.00331695
AGCACC	28	0.00331695
AGGAGG	28	0.00331695
AGGTCC	28	0.00331695
AGGTCG	28	0.00331695
AGTCCC	28	0.00331695
ATACTC	28	0.00331695
ATTGCG	28	0.00331695
CAACCT	28	0.00331695
CAGCCT	28	0.00331695
CATCCA	28	0.00331695
CATCCG	28	0.00331695
CTATAG	28	0.00331695
GAAATC	28	0.00331695
GAACGG	28	0.00331695
GAGCTC	28	0.00331695
GATCCG	28	0.00331695
GATGCG	28	0.00331695
TCAGTT	28	0.00331695
TCCCAG	28	0.00331695
TGATAG	28	0.00331695
TGCAAA	28	0.00331695
TGGCAG	28	0.00331695
TGTTCT	28	0.00331695
TTAGAA	28	0.00331695
TTGGAC	28	0.00331695
TTGGCC	28	0.00331695
AAAAAA	27	0.00319849
AAGCCG	27	0.00319849
ACACAT	27	0.00319849
ACCCTG	27	0.00319849
ACTCAA	27	0.00319849
ACTTCC	27	0.00319849
ACTTGT	27	0.00319849
AGGGGA	27	0.00319849
ATGTTC	27	0.00319849
ATTCCT	27	0.00319849
CACTGA	27	0.00319849
CAGGTT	27	0.00319849
CATATC	27	0.00319849
CCAGAG	27	0.00319849
CCAGTC	27	0.00319849
CCGTAC	27	0.00319849
CGACGA	27	0.00319849
CGCCTT	27	0.00319849
CTAAGA	27	0.00319849
CTC	27	0.00319849
CTCGTC	27	0.00319849
CTGAAA	27	0.00319849
CTTTTT	27	0.00319849
GACAAT	27	0.00319849
GACTTG	27	0.00319849
GGATTT	27	0.00319849
TAACCT	27	0.00319849
TATCTG	27	0.00319849
TCACTA	27	0.00319849
TCCTCC	27	0.00319849
TGATGA	27	0.00319849
TGATTG	27	0.00319849
TGCGCT	27	0.00319849
TGTCAA	27	0.00319849
TGTCCT	27	0.00319849
TTCGTC	27	0.00319849
TTCTCG	27	0.00319849
TTGAAG	27	0.00319849
TTTGTA	27	0.00319849
	26	0.00308003
AAGGCT	26	0.00308003
ACACCC	26	0.00308003
ACAGAT	26	0.00308003
ACTGGG	26	0.00308003
ACTTAC	26	0.00308003
AGATGT	26	0.00308003
AGATTC	26	0.00308003
AGCGAA	26	0.00308003
AGCGAC	26	0.00308003
AGGCAT	26	0.00308003
AGGCGT	26	0.00308003
AGGCTG	26	0.00308003
AGTGGC	26	0.00308003
ATCGCT	26	0.00308003
ATCTAC	26	0.00308003
ATCTCC	26	0.00308003
CAAGCT	26	0.00308003
CCACAC	26	0.00308003
CCGTCT	26	0.00308003
CCGTTG	26	0.00308003
CGCAAG	26	0.00308003
CTATCT	26	0.00308003
CTTCGG	26	0.00308003
GACGTT	26	0.00308003
GCCACA	26	0.00308003
TATACA	26	0.00308003
TCATTC	26	0.00308003
TCGAGC	26	0.00308003
TCTAAC	26	0.00308003
TGCGAC	26	0.00308003
TGCGAG	26	0.00308003
TTGTGG	26	0.00308003
AAGGTT	25	0.00296157
AATACA	25	0.00296157
ACACCG	25	0.00296157
ACGCCA	25	0.00296157
ACTCAT	25	0.00296157
AGCACG	25	0.00296157
AGCCAG	25	0.00296157
AGCTGG	25	0.00296157
AGTGTG	25	0.00296157
AGTTGA	25	0.00296157
AT	25	0.00296157
ATCAAC	25	0.00296157
CAACAA	25	0.00296157
CACTAG	25	0.00296157
CCTCAG	25	0.00296157
CCTGAC	25	0.00296157
CTCCCT	25	0.00296157
GAATGA	25	0.00296157
GACAGC	25	0.00296157
GACTGT	25	0.00296157
GAGGCT	25	0.00296157
GATCAA	25	0.00296157
GGACCT	25	0.00296157
GGTAGA	25	0.00296157
TAATAC	25	0.00296157
TACCTT	25	0.00296157
TAGAGA	25	0.00296157
TAGATG	25	0.00296157
TATAAC	25	0.00296157
TATAGA	25	0.00296157
TATGCT	25	0.00296157
TCAGAT	25	0.00296157
TCGGAG	25	0.00296157
TGATCT	25	0.00296157
TGGAAT	25	0.00296157
TGTAGC	25	0.00296157
TTTAGC	25	0.00296157
AACGCC	24	0.0028431
AACTAA	24	0.0028431
AAGTAA	24	0.0028431
AATTAC	24	0.0028431
ACGACC	24	0.0028431
AGACTT	24	0.0028431
AGCTCA	24	0.0028431
ATCGTT	24	0.0028431
ATGATA	24	0.0028431
ATGTAG	24	0.0028431
CAAATG	24	0.0028431
CAGTCC	24	0.0028431
CCCACA	24	0.0028431
CCGGAT	24	0.0028431
CGGTGT	24	0.0028431
CTCAAA	24	0.0028431
CTGCTC	24	0.0028431
CTTCGC	24	0.0028431
GAAAC	24	0.0028431
GACGTC	24	0.0028431
GAGAGG	24	0.0028431
GCAAGC	24	0.0028431
GGATGG	24	0.0028431
TAGGAG	24	0.0028431
TAGTGT	24	0.0028431
TATGCA	24	0.0028431
TCCAGT	24	0.0028431
TGACGT	24	0.0028431
TGCATG	24	0.0028431
TGGTCT	24	0.0028431
TGTTAC	24	0.0028431
TTACGG	24	0.0028431
TTGAAC	24	0.0028431
AAGGCG	23	0.00272464
AAGTTC	23	0.00272464
ACACAA	23	0.00272464
ACACTT	23	0.00272464
ACAGAA	23	0.00272464
ACCACG	23	0.00272464
ACCTTT	23	0.00272464
ACGCTG	23	0.00272464
ACTCCA	23	0.00272464
ACTCTA	23	0.00272464
AGATGA	23	0.00272464
AGCAAA	23	0.00272464
AGTCGG	23	0.00272464
ATATTC	23	0.00272464
ATCCTA	23	0.00272464
ATGCTG	23	0.00272464
ATTGCA	23	0.00272464
CAAACA	23	0.00272464
CAGTTT	23	0.00272464
CTGTGA	23	0.00272464
GACGGT	23	0.00272464
GGCCAT	23	0.00272464
GGGAAG	23	0.00272464
GGGACA	23	0.00272464
TACACT	23	0.00272464
TACATG	23	0.00272464
TAGTGC	23	0.00272464
TATGGT	23	0.00272464
TATTAC	23	0.00272464
TCAACT	23	0.00272464
TCATAC	23	0.00272464
TCATCC	23	0.00272464
TCCTCG	23	0.00272464
TCGCTA	23	0.00272464
TCGCTG	23	0.00272464
TCTCGG	23	0.00272464
TGACCC	23	0.00272464
TGATCA	23	0.00272464
TGATGC	23	0.00272464
TGGGTG	23	0.00272464
TTAGTC	23	0.00272464
TTCCGC	23	0.00272464
AAGCAT	22	0.00260618
ACCAGG	22	0.00260618
ACCCAG	22	0.00260618
ACGCGA	22	0.00260618
ACTCAC	22	0.00260618
ACTTGA	22	0.00260618
AGAATA	22	0.00260618
AGAGAA	22	0.00260618
AGGGAC	22	0.00260618
ATGCAT	22	0.00260618
ATTCTG	22	0.00260618
ATTGGT	22	0.00260618
CAAATC	22	0.00260618
CAGAAT	22	0.00260618
CATGAG	22	0.00260618
CGCTTC	22	0.00260618
CTAAGT	22	0.00260618
CTCTAT	22	0.00260618
CTTACA	22	0.00260618
GAAAAA	22	0.00260618
GAGTGC	22	0.00260618
GATAGT	22	0.00260618
GATCGG	22	0.00260618
GCTCTG	22	0.00260618
GGAATT	22	0.00260618
GGCGAT	22	0.00260618
GGCTCA	22	0.00260618
GGGTGA	22	0.00260618
GGTAGG	22	0.00260618
TAAGTT	22	0.00260618
TAGGCA	22	0.00260618
TAGTGA	22	0.00260618
TATTGG	22	0.00260618
TCCCGA	22	0.00260618
TCGTGC	22	0.00260618
TCTACT	22	0.00260618
TGAATA	22	0.00260618
TGACTT	22	0.00260618
TGAGCT	22	0.00260618
TGGAGC	22	0.00260618
TGTGAC	22	0.00260618
TGTTTA	22	0.00260618
TTAGCA	22	0.00260618
TTCGCA	22	0.00260618
TTCTAG	22	0.00260618
TTGAGT	22	0.00260618
AAACTT	21	0.00248772
AAATCA	21	0.00248772
AAGATA	21	0.00248772
AAGCTT	21	0.00248772
ACACAC	21	0.00248772
ACGACG	21	0.00248772
ACGAGC	21	0.00248772
ACGATA	21	0.00248772
ACGCTT	21	0.00248772
ACTAGA	21	0.00248772
AGCAGC	21	0.00248772
AGGGAG	21	0.00248772
ATAGTT	21	0.00248772
ATCCAA	21	0.00248772
ATCTGT	21	0.00248772
ATTGTT	21	0.00248772
ATTTCG	21	0.00248772
CAGAGT	21	0.00248772
CAGGCA	21	0.00248772
CATAAC	21	0.00248772
CATAGG	21	0.00248772
CCAGCT	21	0.00248772
CGGTCA	21	0.00248772
CTAATG	21	0.00248772
CTAGTA	21	0.00248772
GAAAAC	21	0.00248772
GACGAC	21	0.00248772
GGCATG	21	0.00248772
GGCTTC	21	0.00248772
GGTTCC	21	0.00248772
GTAAGA	21	0.00248772
TAATCA	21	0.00248772
TACCAT	21	0.00248772
TAGCGA	21	0.00248772
TAGGGC	21	0.00248772
TAGGTT	21	0.00248772
TATGCG	21	0.00248772
TCAGGT	21	0.00248772
TCCACG	21	0.00248772
TCTGTC	21	0.00248772
TGCCCA	21	0.00248772
TTCCGG	21	0.00248772
TTCTCC	21	0.00248772
TTTCGT	21	0.00248772
TTTTAG	21	0.00248772
AATAGA	20	0.00236925
ACCTCG	20	0.00236925
ACCTTC	20	0.00236925
ACGATT	20	0.00236925
AGAAGC	20	0.00236925
AGATTG	20	0.00236925
AGCAAT	20	0.00236925
AGGGGT	20	0.00236925
ATAACA	20	0.00236925
ATCAGT	20	0.00236925
ATCCTC	20	0.00236925
ATCTGA	20	0.00236925
ATGAGA	20	0.00236925
ATTAAC	20	0.00236925
ATTACA	20	0.00236925
CAAAGG	20	0.00236925
CATAGA	20	0.00236925
CCTTCA	20	0.00236925
CGCGCT	20	0.00236925
CGTTCG	20	0.00236925
CGTTGC	20	0.00236925
CTCCCA	20	0.00236925
CTCGCA	20	0.00236925
CTGATT	20	0.00236925
CTGCTG	20	0.00236925
GGAGTC	20	0.00236925
GGGCAT	20	0.00236925
GTGGAA	20	0.00236925
TAAATG	20	0.00236925
TACTGT	20	0.00236925
TCACAA	20	0.00236925
TCCAAC	20	0.00236925
TCTCTG	20	0.00236925
TGAGTT	20	0.00236925
TGCCCT	20	0.00236925
TGTAGA	20	0.00236925
TTAAAC	20	0.00236925
TTACTA	20	0.00236925
TTGCGG	20	0.00236925
TTGCTC	20	0.00236925
TTTGAC	20	0.00236925
AAACTA	19	0.00225079
AAGCGC	19	0.00225079
AATATC	19	0.00225079
ACCTCC	19	0.00225079
ACGAAA	19	0.00225079
ACGAGG	19	0.00225079
ACGTTT	19	0.00225079
AGCCAC	19	0.00225079
AGCGGA	19	0.00225079
AGGAAT	19	0.00225079
AGGGCA	19	0.00225079
AGTAGT	19	0.00225079
ATAGCG	19	0.00225079
ATGAAT	19	0.00225079
CACATA	19	0.00225079
CACCCT	19	0.00225079
CCAGAA	19	0.00225079
CGATGT	19	0.00225079
CGCTCT	19	0.00225079
CTAAAA	19	0.00225079
CTAATA	19	0.00225079
CTTGTA	19	0.00225079
GAACTC	19	0.00225079
GAAGTT	19	0.00225079
GAATCA	19	0.00225079
GAGATT	19	0.00225079
GAGGAT	19	0.00225079
GCCGAT	19	0.00225079
GGATCT	19	0.00225079
GGTGGT	19	0.00225079
TAAAAA	19	0.00225079
TAAACT	19	0.00225079
TACGAT	19	0.00225079
TACTAA	19	0.00225079
TAGACG	19	0.00225079
TCGGGT	19	0.00225079
TGACTG	19	0.00225079
TGATGT	19	0.00225079
TGGCTT	19	0.00225079
TGGTGA	19	0.00225079
TGGTGG	19	0.00225079
TGTCAG	19	0.00225079
TGTGCA	19	0.00225079
TGTGGT	19	0.00225079
TGTTCA	19	0.00225079
TTAGGG	19	0.00225079
TTTGCC	19	0.00225079
AAAGTT	18	0.00213233
AACAGT	18	0.00213233
AACCTT	18	0.00213233
AACGGA	18	0.00213233
AAGAGA	18	0.00213233
AATTTG	18	0.00213233
ACATCT	18	0.00213233
ACCCAC	18	0.00213233
ACGTCC	18	0.00213233
AGAAAA	18	0.00213233
AGCATT	18	0.00213233
AGCTAT	18	0.00213233
AGCTTG	18	0.00213233
AGTATG	18	0.00213233
AGTCAA	18	0.00213233
ATAATG	18	0.00213233
ATATTG	18	0.00213233
ATCCTT	18	0.00213233
ATGCCC	18	0.00213233
ATGGTA	18	0.00213233
CAACCC	18	0.00213233
CAACGT	18	0.00213233
CCAGGA	18	0.00213233
CCCTCT	18	0.00213233
CCGCAA	18	0.00213233
CGAAGC	18	0.00213233
CGACTC	18	0.00213233
CTCACC	18	0.00213233
CTCCAG	18	0.00213233
CTG	18	0.00213233
CTGATG	18	0.00213233
CTTATA	18	0.00213233
GAAGAC	18	0.00213233
GACAA	18	0.00213233
GAGCCA	18	0.00213233
GATAAG	18	0.00213233
GCACCT	18	0.00213233
GCCTCT	18	0.00213233
GCGCTA	18	0.00213233
GGAACG	18	0.00213233
GGTGCA	18	0.00213233
GTG	18	0.00213233
GTGACG	18	0.00213233
GTGCGT	18	0.00213233
TAAGAA	18	0.00213233
TACTGG	18	0.00213233
TAGCGC	18	0.00213233
TAGTCT	18	0.00213233
TCAATG	18	0.00213233
TCCATA	18	0.00213233
TCTGAG	18	0.00213233
TGATTC	18	0.00213233
TGCAAT	18	0.00213233
TGCCGT	18	0.00213233
TGGTTT	18	0.00213233
TTTAAC	18	0.00213233
AAAGGT	17	0.00201386
AAATGT	17	0.00201386
AAGTTA	17	0.00201386
AATCAA	17	0.00201386
AATCAT	17	0.00201386
AATCTA	17	0.00201386
ACAGCA	17	0.00201386
ACAGGC	17	0.00201386
ACCGTC	17	0.00201386
ACGCAC	17	0.00201386
ACTACA	17	0.00201386
AGAAG	17	0.00201386
AGACAA	17	0.00201386
AGATCT	17	0.00201386
AGCTAA	17	0.00201386
AGGTTG	17	0.00201386
ATACAA	17	0.00201386
ATATAC	17	0.00201386
ATCCGC	17	0.00201386
ATTACT	17	0.00201386
CAAGCG	17	0.00201386
CAATTA	17	0.00201386
CACCAC	17	0.00201386
CCTTAA	17	0.00201386
CCTTAT	17	0.00201386
CTACGA	17	0.00201386
CTGTAT	17	0.00201386
CTGTTC	17	0.00201386
GAACGC	17	0.00201386
GAGATG	17	0.00201386
GAGCAG	17	0.00201386
GATGAT	17	0.00201386
GGAGCT	17	0.00201386
TACATA	17	0.00201386
TACGAG	17	0.00201386
TACGGC	17	0.00201386
TAGCCA	17	0.00201386
TATACT	17	0.00201386
TATGTT	17	0.00201386
TCCGAT	17	0.00201386
TCCGCA	17	0.00201386
TCCGCT	17	0.00201386
TCCGTC	17	0.00201386
TCGAAA	17	0.00201386
TCGTAG	17	0.00201386
TCGTC	17	0.00201386
TCTACA	17	0.00201386
TCTGAA	17	0.00201386
TGAAGC	17	0.00201386
TGAAGG	17	0.00201386
TGCTTA	17	0.00201386
TGGCGT	17	0.00201386
TGGTGC	17	0.00201386
TGTAAG	17	0.00201386
TGTTTG	17	0.00201386
TTAGCT	17	0.00201386
TTCATA	17	0.00201386
TTGCGC	17	0.00201386
TTGGCG	17	0.00201386
AACTTA	16	0.0018954
AATTCA	16	0.0018954
ACACGC	16	0.0018954
ACCAAT	16	0.0018954
ACCTA	16	0.0018954
ACCTAT	16	0.0018954
ACGCAG	16	0.0018954
ACGGTG	16	0.0018954
ACGTAA	16	0.0018954
AGACCC	16	0.0018954
AGAGCG	16	0.0018954
AGGCAG	16	0.0018954
AGGGCT	16	0.0018954
AGTAGA	16	0.0018954
AGTGAA	16	0.0018954
AGTTCT	16	0.0018954
ATAAGA	16	0.0018954
ATAATC	16	0.0018954
ATACAT	16	0.0018954
ATAGAA	16	0.0018954
ATAGGG	16	0.0018954
ATCCCT	16	0.0018954
ATCTCA	16	0.0018954
ATGTCG	16	0.0018954
ATTATG	16	0.0018954
CAACTC	16	0.0018954
CACGCA	16	0.0018954
CACGTG	16	0.0018954
CAGAAA	16	0.0018954
CATCGC	16	0.0018954
CCCCAA	16	0.0018954
CGGTTG	16	0.0018954
CGTAGG	16	0.0018954
CGTGTC	16	0.0018954
CTACCG	16	0.0018954
CTAGCT	16	0.0018954
CTATTA	16	0.0018954
CTCTGG	16	0.0018954
CTGGAT	16	0.0018954
CTGTAA	16	0.0018954
CTGTCC	16	0.0018954
CTTGTC	16	0.0018954
G	16	0.0018954
GATCA	16	0.0018954
GATGTT	16	0.0018954
GGCACT	16	0.0018954
GGGGTT	16	0.0018954
TACGAA	16	0.0018954
TCACCG	16	0.0018954
TCAGAA	16	0.0018954
TCGAGA	16	0.0018954
TCGTTC	16	0.0018954
TCTAGG	16	0.0018954
TCTATA	16	0.0018954
TGCAGG	16	0.0018954
TGGACG	16	0.0018954
TGGGAC	16	0.0018954
TTCCCA	16	0.0018954
TTCGGT	16	0.0018954
TTGACA	16	0.0018954
TTGATC	16	0.0018954
TTGCCA	16	0.0018954
AAAGGG	15	0.00177694
AACTAT	15	0.00177694
AATGAA	15	0.00177694
ACATGA	15	0.00177694
ACCAGT	15	0.00177694
ACCCGA	15	0.00177694
ACCTAA	15	0.00177694
ACTTTG	15	0.00177694
AGCAGG	15	0.00177694
AGCCCA	15	0.00177694
AGCGCT	15	0.00177694
AGCGTC	15	0.00177694
ATTTAC	15	0.00177694
CAAAAG	15	0.00177694
CACGTC	15	0.00177694
CATACT	15	0.00177694
CATATG	15	0.00177694
CATCAC	15	0.00177694
CCACCA	15	0.00177694
CCTACG	15	0.00177694
CCTCCT	15	0.00177694
CCTGCT	15	0.00177694
CGCGAA	15	0.00177694
CGGAAC	15	0.00177694
CGGACA	15	0.00177694
CGTGGA	15	0.00177694
CTAGAC	15	0.00177694
CTCAAG	15	0.00177694
CTGGAG	15	0.00177694
GAAGGC	15	0.00177694
GAGAGT	15	0.00177694
GAGCTT	15	0.00177694
GATCTT	15	0.00177694
GATGGA	15	0.00177694
GGCTCT	15	0.00177694
GGTCGA	15	0.00177694
TAAGAT	15	0.00177694
TACGCT	15	0.00177694
TATCAT	15	0.00177694
TCAAGT	15	0.00177694
TCACGC	15	0.00177694
TCTTGC	15	0.00177694
TGAGGC	15	0.00177694
TGATAA	15	0.00177694
TGGCAC	15	0.00177694
TGTTGT	15	0.00177694
TTAAGT	15	0.00177694
TTAATC	15	0.00177694
TTACCA	15	0.00177694
TTCCTA	15	0.00177694
AAAATA	14	0.00165848
AAATCT	14	0.00165848
AAATGA	14	0.00165848
ACCC	14	0.00165848
ACGCTC	14	0.00165848
ACTGCC	14	0.00165848
AGGATG	14	0.00165848
AGGTAT	14	0.00165848
AGGTC	14	0.00165848
AGTGTA	14	0.00165848
ATCACT	14	0.00165848
ATCCCC	14	0.00165848
ATTCGG	14	0.00165848
CACAAG	14	0.00165848
CACACC	14	0.00165848
CACATG	14	0.00165848
CACCAG	14	0.00165848
CACTTG	14	0.00165848
CATAAG	14	0.00165848
CATACA	14	0.00165848
CATTGT	14	0.00165848
CCCGTA	14	0.00165848
CTAGTT	14	0.00165848
CTCGAG	14	0.00165848
CTGAGC	14	0.00165848
CTGGTG	14	0.00165848
GAACCC	14	0.00165848
GAATCT	14	0.00165848
GATGGG	14	0.00165848
GCAACA	14	0.00165848
GGCTAG	14	0.00165848
GTGTGT	14	0.00165848
TAAAGT	14	0.00165848
TAGAAA	14	0.00165848
TAGTTT	14	0.00165848
TATATA	14	0.00165848
TATCG	14	0.00165848
TATGGA	14	0.00165848
TCATCA	14	0.00165848
TCATTG	14	0.00165848
TCCTAT	14	0.00165848
TCCTTA	14	0.00165848
TCGATG	14	0.00165848
TCGCAC	14	0.00165848
TCGCGT	14	0.00165848
TCTGGA	14	0.00165848
TGACT	14	0.00165848
TGGAGG	14	0.00165848
TTAGCG	14	0.00165848
TTCCAT	14	0.00165848
TTCTGT	14	0.00165848
TTGCAA	14	0.00165848
TTGTCC	14	0.00165848
TTTCGC	14	0.00165848
TTTGCT	14	0.00165848
AAAAAT	13	0.00154001
AACAAT	13	0.00154001
AACGGC	13	0.00154001
AACGGG	13	0.00154001
AAGTCT	13	0.00154001
AAGTTT	13	0.00154001
ACATAC	13	0.00154001
ACCCTT	13	0.00154001
ACCTGG	13	0.00154001
ACCTTA	13	0.00154001
AGCCTG	13	0.00154001
AGCTTT	13	0.00154001
AGGGAA	13	0.00154001
ATAAGT	13	0.00154001
ATAGTA	13	0.00154001
ATGTAA	13	0.00154001
ATGTTT	13	0.00154001
ATTTGT	13	0.00154001
CAATAG	13	0.00154001
CAATCA	13	0.00154001
CACAAA	13	0.00154001
CACAGA	13	0.00154001
CAGTCT	13	0.00154001
CATCTA	13	0.00154001
CATCTG	13	0.00154001
CCAAGC	13	0.00154001
CCACAT	13	0.00154001
CCCTAG	13	0.00154001
CCCTCA	13	0.00154001
CCGCTT	13	0.00154001
CCTAAA	13	0.00154001
CCTTTA	13	0.00154001
CGAATG	13	0.00154001
CGACAT	13	0.00154001
CGCACA	13	0.00154001
CGCTGA	13	0.00154001
CGTCGA	13	0.00154001
CTCCGA	13	0.00154001
CTCGTT	13	0.00154001
CTCTAA	13	0.00154001
CTGTCG	13	0.00154001
CTTCAT	13	0.00154001
CTTTCA	13	0.00154001
GAAATA	13	0.00154001
GAAGA	13	0.00154001
GACCGT	13	0.00154001
GACTTT	13	0.00154001
GAGTCT	13	0.00154001
GAGTTC	13	0.00154001
GATAAA	13	0.00154001
GATGCC	13	0.00154001
GATGGC	13	0.00154001
GATTCT	13	0.00154001
GCCATC	13	0.00154001
GGCTGT	13	0.00154001
GGGTAG	13	0.00154001
GTCGGA	13	0.00154001
TAATTG	13	0.00154001
TACCTG	13	0.00154001
TATGAG	13	0.00154001
TCCAAA	13	0.00154001
TCGCAT	13	0.00154001
TCGGTG	13	0.00154001
TCTATG	13	0.00154001
TGAGAA	13	0.00154001
TGCTGT	13	0.00154001
TGCTTT	13	0.00154001
TGGAC	13	0.00154001
TGGTAA	13	0.00154001
TGTCC	13	0.00154001
TTCCCC	13	0.00154001
TTCCCG	13	0.00154001
TTGCCC	13	0.00154001
AAAATT	12	0.00142155
AACGGT	12	0.00142155
AAGCGA	12	0.00142155
AATCTT	12	0.00142155
AATGCT	12	0.00142155
AATTAG	12	0.00142155
ACAGCG	12	0.00142155
ACATCC	12	0.00142155
ACCTGC	12	0.00142155
ACGTTA	12	0.00142155
AGAGTT	12	0.00142155
AGTCAT	12	0.00142155
AGTCCG	12	0.00142155
ATAACT	12	0.00142155
ATACTT	12	0.00142155
ATAGCT	12	0.00142155
ATCTTG	12	0.00142155
ATGGCA	12	0.00142155
ATTATC	12	0.00142155
ATTTGC	12	0.00142155
CAACCA	12	0.00142155
CAACGA	12	0.00142155
CACAAT	12	0.00142155
CAGGCT	12	0.00142155
CAGTAC	12	0.00142155
CCATCC	12	0.00142155
CGAACC	12	0.00142155
CGGATC	12	0.00142155
CGTCAG	12	0.00142155
CTAGCA	12	0.00142155
CTAGCC	12	0.00142155
CTGTAG	12	0.00142155
CTTCAA	12	0.00142155
GAAGCC	12	0.00142155
GACTCG	12	0.00142155
GAGACG	12	0.00142155
GAGGGT	12	0.00142155
GATAAT	12	0.00142155
GTACGG	12	0.00142155
GTATGG	12	0.00142155
GTCGAT	12	0.00142155
GTCGTG	12	0.00142155
TACGCG	12	0.00142155
TAGCCT	12	0.00142155
TCATGG	12	0.00142155
TCGGAC	12	0.00142155
TCTCGT	12	0.00142155
TGAGCC	12	0.00142155
TGCTGG	12	0.00142155
TTCTCA	12	0.00142155
TTCTTC	12	0.00142155
TTGGAA	12	0.00142155
TTGGAT	12	0.00142155
TTGTAC	12	0.00142155
TTGTTG	12	0.00142155
TTTCTG	12	0.00142155
AAGAAT	11	0.00130309
AAGGAT	11	0.00130309
AATGTT	11	0.00130309
AATTTC	11	0.00130309
ACAATA	11	0.00130309
ACCCCC	11	0.00130309
ACCTGA	11	0.00130309
ACG	11	0.00130309
ACGGAC	11	0.00130309
ACTTCA	11	0.00130309
AGAGAT	11	0.00130309
AGATGC	11	0.00130309
AGCCTC	11	0.00130309
AGCGAG	11	0.00130309
AGCGTT	11	0.00130309
AGTCTG	11	0.00130309
AGTGTT	11	0.00130309
AGTTAA	11	0.00130309
ATACTA	11	0.00130309
ATCATA	11	0.00130309
ATCTTA	11	0.00130309
ATGCG	11	0.00130309
ATGCGC	11	0.00130309
ATGCTT	11	0.00130309
ATGGAA	11	0.00130309
ATGGGC	11	0.00130309
ATTAAA	11	0.00130309
ATTAGT	11	0.00130309
ATTGCT	11	0.00130309
CAAATA	11	0.00130309
CAACGG	11	0.00130309
CAACTT	11	0.00130309
CAATCG	11	0.00130309
CATGAA	11	0.00130309
CCACCT	11	0.00130309
CCGCAT	11	0.00130309
CCTCCA	11	0.00130309
CGATAG	11	0.00130309
CGGAAG	11	0.00130309
CGGTAG	11	0.00130309
CTCAGA	11	0.00130309
CTTTTC	11	0.00130309
GAAACC	11	0.00130309
GAAT	11	0.00130309
GACCTA	11	0.00130309
GACCTG	11	0.00130309
GACGTA	11	0.00130309
GAGTAT	11	0.00130309
GATAGC	11	0.00130309
GCGACT	11	0.00130309
GGATGC	11	0.00130309
GGTGAC	11	0.00130309
GGTTGG	11	0.00130309
GTCTTC	11	0.00130309
GTGCAG	11	0.00130309
TAAATA	11	0.00130309
TAAGGT	11	0.00130309
TACAGG	11	0.00130309
TAGTCG	11	0.00130309
TATCAA	11	0.00130309
TATCGG	11	0.00130309
TATGAA	11	0.00130309
TATTTC	11	0.00130309
TCCGTA	11	0.00130309
TCTGAT	11	0.00130309
TGCCAA	11	0.00130309
TGGAGT	11	0.00130309
TTAATG	11	0.00130309
TTATTG	11	0.00130309
TTGATA	11	0.00130309
TTTCAC	11	0.00130309
TTTCTC	11	0.00130309
TTTGGG	11	0.00130309
TTTTGG	11	0.00130309
AACATT	10	0.00118463
AATAAA	10	0.00118463
AATGAT	10	0.00118463
ACAGGT	10	0.00118463
ACTGCA	10	0.00118463
ACTGTT	10	0.00118463
ACTTCT	10	0.00118463
AGATAA	10	0.00118463
AGCGCA	10	0.00118463
AGGACG	10	0.00118463
AGGGTA	10	0.00118463
AGTCTC	10	0.00118463
AGTGAT	10	0.00118463
AGTGGG	10	0.00118463
ATAAAT	10	0.00118463
ATAATA	10	0.00118463
ATCCGG	10	0.00118463
ATGAAA	10	0.00118463
ATGGGT	10	0.00118463
ATGTGC	10	0.00118463
ATTGTA	10	0.00118463
CACCCA	10	0.00118463
CACCGT	10	0.00118463
CACGGT	10	0.00118463
CACTGT	10	0.00118463
CAG	10	0.00118463
CAGAGC	10	0.00118463
CATC	10	0.00118463
CATCAT	10	0.00118463
CCCGTT	10	0.00118463
CCGTGA	10	0.00118463
CGGAGA	10	0.00118463
CGTTTG	10	0.00118463
CTACCA	10	0.00118463
CTACTA	10	0.00118463
CTAGGT	10	0.00118463
CTTGGG	10	0.00118463
GAAAAT	10	0.00118463
GACCCC	10	0.00118463
GACGAG	10	0.00118463
GACGGA	10	0.00118463
GAGTAG	10	0.00118463
GAGTT	10	0.00118463
GATCGT	10	0.00118463
GATTAC	10	0.00118463
GCAACC	10	0.00118463
GCCTTC	10	0.00118463
GGACAC	10	0.00118463
GGCAGA	10	0.00118463
GGCTGA	10	0.00118463
GGTTCG	10	0.00118463
GTA	10	0.00118463
GTAGGC	10	0.00118463
GTGGTG	10	0.00118463
TACCGT	10	0.00118463
TATTAG	10	0.00118463
TCACTT	10	0.00118463
TCATGA	10	0.00118463
TCCGGT	10	0.00118463
TCCTGG	10	0.00118463
TCGGGA	10	0.00118463
TCGTCG	10	0.00118463
TCTGTA	10	0.00118463
TGAACG	10	0.00118463
TGACCG	10	0.00118463
TGCAGC	10	0.00118463
TGCTA	10	0.00118463
TGGAAG	10	0.00118463
TGGATT	10	0.00118463
TGGGAG	10	0.00118463
TGGGGA	10	0.00118463
TGGGGT	10	0.00118463
TGTAAT	10	0.00118463
TGTGAA	10	0.00118463
TTACAA	10	0.00118463
TTAGTA	10	0.00118463
TTATAC	10	0.00118463
TTATGA	10	0.00118463
TTCACA	10	0.00118463
TTCCAA	10	0.00118463
TTGCCT	10	0.00118463
TTGCGT	10	0.00118463
TTGTCA	10	0.00118463
TTTACA	10	0.00118463
TTTCTA	10	0.00118463
AAC	9	0.00106616
AAGGA	9	0.00106616
AATCGG	9	0.00106616
AATGGG	9	0.00106616
ACAAAA	9	0.00106616
ACAGTT	9	0.00106616
ACATGT	9	0.00106616
ACCAGC	9	0.00106616
ACCATT	9	0.00106616
ACCGGT	9	0.00106616
ACGAT	9	0.00106616
ACGCAT	9	0.00106616
ACGTCA	9	0.00106616
ACGTCT	9	0.00106616
ACTATT	9	0.00106616
ACTGAA	9	0.00106616
AGCGGT	9	0.00106616
AGCTCG	9	0.00106616
AGCTTA	9	0.00106616
AGG	9	0.00106616
AGGATT	9	0.00106616
AGTAAA	9	0.00106616
AGTCTA	9	0.00106616
ATCAAA	9	0.00106616
ATCCG	9	0.00106616
ATCTAT	9	0.00106616
ATGAGC	9	0.00106616
ATGCCA	9	0.00106616
ATGGGA	9	0.00106616
ATTTTC	9	0.00106616
CAAGAC	9	0.00106616
CAAGCA	9	0.00106616
CAATGT	9	0.00106616
CACTAA	9	0.00106616
CACTAC	9	0.00106616
CATCAA	9	0.00106616
CATGCG	9	0.00106616
CATTTT	9	0.00106616
CCAGTG	9	0.00106616
CCCAAC	9	0.00106616
CCTCGT	9	0.00106616
CGACAA	9	0.00106616
CGACCT	9	0.00106616
CGAGTG	9	0.00106616
CGATTG	9	0.00106616
CGTGCT	9	0.00106616
CTAGGC	9	0.00106616
CTAGGG	9	0.00106616
CTATAA	9	0.00106616
CTATCG	9	0.00106616
CTATGA	9	0.00106616
CTCACG	9	0.00106616
CTTCCC	9	0.00106616
CTTTGA	9	0.00106616
GAAGGG	9	0.00106616
GAATGC	9	0.00106616
GAATTA	9	0.00106616
GAC	9	0.00106616
GACTGC	9	0.00106616
GAGTGG	9	0.00106616
GATTGA	9	0.00106616
GCAACT	9	0.00106616
GCATGT	9	0.00106616
GCGGAA	9	0.00106616
GGACAG	9	0.00106616
GGACGA	9	0.00106616
GGCTAC	9	0.00106616
GGGATG	9	0.00106616
GGGTTG	9	0.00106616
GTTGCC	9	0.00106616
T	9	0.00106616
TAATAA	9	0.00106616
TCAAAA	9	0.00106616
TCAGT	9	0.00106616
TCCTCT	9	0.00106616
TCGAAG	9	0.00106616
TCGACG	9	0.00106616
TCGTGT	9	0.00106616
TCGTT	9	0.00106616
TCTCCG	9	0.00106616
TCTCTT	9	0.00106616
TCTTCG	9	0.00106616
TCTTGA	9	0.00106616
TCTTGT	9	0.00106616
TGAAAA	9	0.00106616
TGAGAT	9	0.00106616
TGC	9	0.00106616
TGCATT	9	0.00106616
TGCGT	9	0.00106616
TGGGTC	9	0.00106616
TGTGTT	9	0.00106616
TTATGC	9	0.00106616
TTGTCG	9	0.00106616
A	8	0.000947701
AAATAA	8	0.000947701
AAATTA	8	0.000947701
AACTTT	8	0.000947701
AAGATT	8	0.000947701
AAGGGA	8	0.000947701
AAGGGG	8	0.000947701
AATGTA	8	0.000947701
ACAATT	8	0.000947701
ACGGCT	8	0.000947701
ACGTGC	8	0.000947701
ACTCGG	8	0.000947701
AGAAAT	8	0.000947701
AGACGG	8	0.000947701
AGATTT	8	0.000947701
AGC	8	0.000947701
AGTAGC	8	0.000947701
AGTATC	8	0.000947701
AGTTTA	8	0.000947701
ATATCA	8	0.000947701
ATGCTC	8	0.000947701
ATTAGC	8	0.000947701
ATTCTA	8	0.000947701
ATTTAG	8	0.000947701
CAAAGT	8	0.000947701
CAATCT	8	0.000947701
CAC	8	0.000947701
CACACG	8	0.000947701
CACGAC	8	0.000947701
CACGTA	8	0.000947701
CAGGTG	8	0.000947701
CATGCC	8	0.000947701
CATGCT	8	0.000947701
CCATAT	8	0.000947701
CCT	8	0.000947701
CCTAGA	8	0.000947701
CCTAGC	8	0.000947701
CCTTCC	8	0.000947701
CGAGTC	8	0.000947701
CGTCGT	8	0.000947701
CTACGG	8	0.000947701
CTAGC	8	0.000947701
CTCCAC	8	0.000947701
CTCGCC	8	0.000947701
CTGACG	8	0.000947701
CTGAGA	8	0.000947701
CTGTGG	8	0.000947701
CTTAGT	8	0.000947701
CTTATT	8	0.000947701
CTTGGC	8	0.000947701
GAAAGC	8	0.000947701
GATATC	8	0.000947701
GATTTG	8	0.000947701
GCACGT	8	0.000947701
GCTGTC	8	0.000947701
GCTTGC	8	0.000947701
GGAATC	8	0.000947701
GGAGAG	8	0.000947701
GGATTA	8	0.000947701
GGGCTA	8	0.000947701
GGTACA	8	0.000947701
GTCTCT	8	0.000947701
TAACAT	8	0.000947701
TAAGGG	8	0.000947701
TAATTA	8	0.000947701
TACCC	8	0.000947701
TACTTA	8	0.000947701
TAGGGG	8	0.000947701
TATAGT	8	0.000947701
TATATG	8	0.000947701
TATCGT	8	0.000947701
TATTCA	8	0.000947701
TATTTG	8	0.000947701
TCATCT	8	0.000947701
TCCATT	8	0.000947701
TCCCCT	8	0.000947701
TCCCTA	8	0.000947701
TCCTGA	8	0.000947701
TCG	8	0.000947701
TCGATT	8	0.000947701
TCGCGA	8	0.000947701
TCTCC	8	0.000947701
TGCGGT	8	0.000947701
TTAACA	8	0.000947701
TTCGC	8	0.000947701
TTCTAA	8	0.000947701
TTGGTT	8	0.000947701
TTTAGA	8	0.000947701
AAG	7	0.000829238
AAGC	7	0.000829238
AAGCA	7	0.000829238
AAGGGC	7	0.000829238
ACATAA	7	0.000829238
ACGAAT	7	0.000829238
ACGGGA	7	0.000829238
ACTTCG	7	0.000829238
AGCCGA	7	0.000829238
AGGTCT	7	0.000829238
AGTTAT	7	0.000829238
ATAAAA	7	0.000829238
ATCAAT	7	0.000829238
ATCTAA	7	0.000829238
ATGATT	7	0.000829238
ATGGCT	7	0.000829238
ATGTCT	7	0.000829238
ATTCAT	7	0.000829238
ATTGAA	7	0.000829238
CAAAAT	7	0.000829238
CACCTC	7	0.000829238
CACTCA	7	0.000829238
CAGCCA	7	0.000829238
CATACG	7	0.000829238
CATGAT	7	0.000829238
CCAAAA	7	0.000829238
CCACTG	7	0.000829238
CCATCA	7	0.000829238
CCATGG	7	0.000829238
CCCACT	7	0.000829238
CCCAGT	7	0.000829238
CCCCTT	7	0.000829238
CCTCTA	7	0.000829238
CCTGGT	7	0.000829238
CGAATA	7	0.000829238
CGAGAG	7	0.000829238
CGAGAT	7	0.000829238
CGCCAT	7	0.000829238
CGGGAA	7	0.000829238
CGTCCA	7	0.000829238
CTCATG	7	0.000829238
CTCATT	7	0.000829238
CTCCTA	7	0.000829238
CTCGTA	7	0.000829238
CTCTTT	7	0.000829238
CTGGCA	7	0.000829238
CTGTTA	7	0.000829238
GAACTA	7	0.000829238
GAAGTA	7	0.000829238
GAATAC	7	0.000829238
GAGGCG	7	0.000829238
GATACC	7	0.000829238
GATGTA	7	0.000829238
GATTGG	7	0.000829238
GCAACG	7	0.000829238
GCATCA	7	0.000829238
GCGATG	7	0.000829238
GGAGCA	7	0.000829238
GGGCAA	7	0.000829238
GGTACT	7	0.000829238
GTCCAA	7	0.000829238
GTGACT	7	0.000829238
GTGATC	7	0.000829238
GTGTCC	7	0.000829238
GTTCCT	7	0.000829238
TACAAT	7	0.000829238
TAGAAT	7	0.000829238
TCAATA	7	0.000829238
TCCATG	7	0.000829238
TCCCGT	7	0.000829238
TCCGAG	7	0.000829238
TCGGCT	7	0.000829238
TCGTCC	7	0.000829238
TCTGCT	7	0.000829238
TCTTAG	7	0.000829238
TGAATG	7	0.000829238
TGAGCA	7	0.000829238
TGAGGG	7	0.000829238
TGCCAG	7	0.000829238
TGCCCC	7	0.000829238
TGGTCG	7	0.000829238
TTATGT	7	0.000829238
TTCACT	7	0.000829238
TTCAG	7	0.000829238
TTCCG	7	0.000829238
TTGCCG	7	0.000829238
TTGCTT	7	0.000829238
TTGTGA	7	0.000829238
TTGTTA	7	0.000829238
TTTAAG	7	0.000829238
TTTCAG	7	0.000829238
TTTCCC	7	0.000829238
TTTCGG	7	0.000829238
AATATA	6	0.000710776
AATGGC	6	0.000710776
AATTAA	6	0.000710776
AC	6	0.000710776
ACAAAT	6	0.000710776
ACAGCC	6	0.000710776
ACCGAC	6	0.000710776
ACGGAT	6	0.000710776
ACGTG	6	0.000710776
ACTAAC	6	0.000710776
AGAGT	6	0.000710776
AGGAGC	6	0.000710776
AGGGA	6	0.000710776
AGTATA	6	0.000710776
AGTCGC	6	0.000710776
ATATTA	6	0.000710776
ATC	6	0.000710776
ATGCC	6	0.000710776
ATTAGA	6	0.000710776
ATTGGA	6	0.000710776
ATTGGC	6	0.000710776
ATTTCT	6	0.000710776
CAAACT	6	0.000710776
CAAAGA	6	0.000710776
CAAATT	6	0.000710776
CAACCG	6	0.000710776
CACAGC	6	0.000710776
CACGGA	6	0.000710776
CACTAT	6	0.000710776
CAGACG	6	0.000710776
CAGATG	6	0.000710776
CAGCAC	6	0.000710776
CAGCTT	6	0.000710776
CAGGAC	6	0.000710776
CAGGAT	6	0.000710776
CAGGTC	6	0.000710776
CAGTAA	6	0.000710776
CATAGC	6	0.000710776
CATATT	6	0.000710776
CATGAC	6	0.000710776
CATTCG	6	0.000710776
CATTGA	6	0.000710776
CCAACG	6	0.000710776
CCC	6	0.000710776
CCCCAT	6	0.000710776
CCGACA	6	0.000710776
CCGTCA	6	0.000710776
CCTAGG	6	0.000710776
CCTTGG	6	0.000710776
CGACCC	6	0.000710776
CGATAA	6	0.000710776
CGATAC	6	0.000710776
CGATGG	6	0.000710776
CGCTTA	6	0.000710776
CGCTTG	6	0.000710776
CGTAGA	6	0.000710776
CGTGTT	6	0.000710776
CT	6	0.000710776
CTAAAT	6	0.000710776
CTAGCG	6	0.000710776
CTATGC	6	0.000710776
CTTAAA	6	0.000710776
CTTAGC	6	0.000710776
CTTCCG	6	0.000710776
CTTCGT	6	0.000710776
CTTCTT	6	0.000710776
CTTGCC	6	0.000710776
CTTTAG	6	0.000710776
GAAGAG	6	0.000710776
GACAGG	6	0.000710776
GAGCGA	6	0.000710776
GAGGCC	6	0.000710776
GAGGT	6	0.000710776
GAGTC	6	0.000710776
GATTCC	6	0.000710776
GCA	6	0.000710776
GCAAGG	6	0.000710776
GCACCA	6	0.000710776
GCC	6	0.000710776
GCCAAG	6	0.000710776
GCCATG	6	0.000710776
GCGAAC	6	0.000710776
GCGCAA	6	0.000710776
GCGCAT	6	0.000710776
GGAGGC	6	0.000710776
GGATAC	6	0.000710776
GGCATC	6	0.000710776
GGGGCA	6	0.000710776
GGGGGA	6	0.000710776
GGTACG	6	0.000710776
GGTTCA	6	0.000710776
GTAACA	6	0.000710776
GTAATA	6	0.000710776
GTACAC	6	0.000710776
GTACTG	6	0.000710776
GTCGAC	6	0.000710776
GTGTTG	6	0.000710776
GTTACG	6	0.000710776
GTTGTG	6	0.000710776
TA	6	0.000710776
TACAGT	6	0.000710776
TACATT	6	0.000710776
TACTAT	6	0.000710776
TAGCGT	6	0.000710776
TAGGC	6	0.000710776
TAGTC	6	0.000710776
TAGTTA	6	0.000710776
TATAAA	6	0.000710776
TATCC	6	0.000710776
TATGGC	6	0.000710776
TATGTA	6	0.000710776
TCATAT	6	0.000710776
TCCCAC	6	0.000710776
TCCGCC	6	0.000710776
TCGCAG	6	0.000710776
TCGTGG	6	0.000710776
TCTTCA	6	0.000710776
TCTTCT	6	0.000710776
TCTTTC	6	0.000710776
TGAAAT	6	0.000710776
TGTATA	6	0.000710776
TTGAAT	6	0.000710776
TTTGCA	6	0.000710776
TTTGCG	6	0.000710776
TTTTTG	6	0.000710776
AACTG	5	0.000592313
AAGCGG	5	0.000592313
AAGGGT	5	0.000592313
AATTCT	5	0.000592313
AATTGT	5	0.000592313
AATTTA	5	0.000592313
ACATCA	5	0.000592313
ACCAT	5	0.000592313
ACGGAA	5	0.000592313
ACGGTA	5	0.000592313
ACGGTC	5	0.000592313
ACTAAT	5	0.000592313
AGA	5	0.000592313
AGACT	5	0.000592313
AGCAC	5	0.000592313
AGGCCC	5	0.000592313
AGGG	5	0.000592313
AGGGGC	5	0.000592313
AGTCTT	5	0.000592313
ATATAA	5	0.000592313
ATATAT	5	0.000592313
ATATGA	5	0.000592313
ATATGT	5	0.000592313
ATGGAT	5	0.000592313
ATGGGG	5	0.000592313
ATGTAT	5	0.000592313
ATGTTA	5	0.000592313
ATTATA	5	0.000592313
ATTCG	5	0.000592313
ATTCTT	5	0.000592313
ATTGGG	5	0.000592313
ATTTCA	5	0.000592313
CAAGTA	5	0.000592313
CAATGA	5	0.000592313
CACGAG	5	0.000592313
CAGGTA	5	0.000592313
CATATA	5	0.000592313
CATCTT	5	0.000592313
CATTCA	5	0.000592313
CCAAAT	5	0.000592313
CCGAAG	5	0.000592313
CCGAGT	5	0.000592313
CCGGTA	5	0.000592313
CCGTAA	5	0.000592313
CCTAAT	5	0.000592313
CCTACT	5	0.000592313
CCTGCA	5	0.000592313
CGACAG	5	0.000592313
CGAGGT	5	0.000592313
CGATCG	5	0.000592313
CGCACT	5	0.000592313
CGCAGT	5	0.000592313
CGCCAA	5	0.000592313
CGGTTT	5	0.000592313
CGTAAG	5	0.000592313
CGTGGT	5	0.000592313
CTAATT	5	0.000592313
CTATAT	5	0.000592313
CTGCGA	5	0.000592313
CTGCTT	5	0.000592313
CTTA	5	0.000592313
GAATAA	5	0.000592313
GACAT	5	0.000592313
GAGTGA	5	0.000592313
GAT	5	0.000592313
GATATA	5	0.000592313
GATCAG	5	0.000592313
GATCTG	5	0.000592313
GCAATG	5	0.000592313
GCCCCA	5	0.000592313
GCGAGA	5	0.000592313
GCGATC	5	0.000592313
GCGTGT	5	0.000592313
GGACTC	5	0.000592313
GGAGTG	5	0.000592313
GGCCCA	5	0.000592313
GGCCTA	5	0.000592313
GGGATA	5	0.000592313
GGT	5	0.000592313
GTAGTG	5	0.000592313
GTCATG	5	0.000592313
GTCCGA	5	0.000592313
GTGTGG	5	0.000592313
TAATCT	5	0.000592313
TAGATT	5	0.000592313
TAGCG	5	0.000592313
TAGGTA	5	0.000592313
TATAG	5	0.000592313
TCA	5	0.000592313
TCAGA	5	0.000592313
TCATAA	5	0.000592313
TCATTA	5	0.000592313
TCCAAT	5	0.000592313
TCCGAA	5	0.000592313
TCGCCT	5	0.000592313
TCGCT	5	0.000592313
TCGTAT	5	0.000592313
TCGTCT	5	0.000592313
TGAAC	5	0.000592313
TGAAGT	5	0.000592313
TGCCGC	5	0.000592313
TGGCCC	5	0.000592313
TGGGTT	5	0.000592313
TGTAC	5	0.000592313
TGTCA	5	0.000592313
TGTCTT	5	0.000592313
TGTGA	5	0.000592313
TGTGCG	5	0.000592313
TGTGT	5	0.000592313
TGTTAT	5	0.000592313
TTAAG	5	0.000592313
TTATCG	5	0.000592313
TTC	5	0.000592313
TTCGG	5	0.000592313
TTGGGC	5	0.000592313
TTGTAT	5	0.000592313
TTTAGT	5	0.000592313
TTTGAT	5	0.000592313
TTTTGA	5	0.000592313
TTTTGT	5	0.000592313
TTTTTA	5	0.000592313
AAA	4	0.000473851
AAATTT	4	0.000473851
AACAC	4	0.000473851
AAGTAT	4	0.000473851
AATAAT	4	0.000473851
AATATT	4	0.000473851
AATGGA	4	0.000473851
AATTGA	4	0.000473851
AATTTT	4	0.000473851
ACA	4	0.000473851
ACAGGG	4	0.000473851
ACATTA	4	0.000473851
ACATTT	4	0.000473851
ACCGCG	4	0.000473851
ACGCT	4	0.000473851
ACTAAA	4	0.000473851
ACTATA	4	0.000473851
ACTCCC	4	0.000473851
ACTGAG	4	0.000473851
ACTTTA	4	0.000473851
AGAATT	4	0.000473851
AGCAG	4	0.000473851
AGTAAT	4	0.000473851
ATACG	4	0.000473851
ATCGG	4	0.000473851
ATCTTT	4	0.000473851
ATGGT	4	0.000473851
ATTAAT	4	0.000473851
ATTATT	4	0.000473851
ATTTAA	4	0.000473851
CAAAAA	4	0.000473851
CAACTA	4	0.000473851
CAAGGA	4	0.000473851
CAAGGT	4	0.000473851
CAAGTT	4	0.000473851
CAATAA	4	0.000473851
CACGTT	4	0.000473851
CACTTT	4	0.000473851
CAGACC	4	0.000473851
CAGGGA	4	0.000473851
CAGTAG	4	0.000473851
CATTCC	4	0.000473851
CCACGT	4	0.000473851
CCATAA	4	0.000473851
CCATTA	4	0.000473851
CCCATC	4	0.000473851
CCCGCT	4	0.000473851
CCGCCA	4	0.000473851
CCGCTC	4	0.000473851
CCGGAA	4	0.000473851
CCTACA	4	0.000473851
CCTGAG	4	0.000473851
CCTGTT	4	0.000473851
CCTTGC	4	0.000473851
CGAAAC	4	0.000473851
CGAAAT	4	0.000473851
CGACTA	4	0.000473851
CGAGAA	4	0.000473851
CGATCT	4	0.000473851
CGCCCT	4	0.000473851
CGCTAG	4	0.000473851
CGGATA	4	0.000473851
CGGCAA	4	0.000473851
CGTCTA	4	0.000473851
CGTGCA	4	0.000473851
CTACCT	4	0.000473851
CTAGG	4	0.000473851
CTCCTG	4	0.000473851
CTCGCG	4	0.000473851
CTCTG	4	0.000473851
CTGAT	4	0.000473851
CTGC	4	0.000473851
CTGGGT	4	0.000473851
CTGTAC	4	0.000473851
CTTAAT	4	0.000473851
CTTTAC	4	0.000473851
CTTTCC	4	0.000473851
GAAATT	4	0.000473851
GAAGTC	4	0.000473851
GAAGTG	4	0.000473851
GAATCC	4	0.000473851
GAGCCC	4	0.000473851
GAGCTA	4	0.000473851
GAGGGC	4	0.000473851
GAGTTA	4	0.000473851
GATCAC	4	0.000473851
GATCTC	4	0.000473851
GATGTC	4	0.000473851
GATGTG	4	0.000473851
GATTAT	4	0.000473851
GCACAT	4	0.000473851
GCAGTC	4	0.000473851
GCCAAA	4	0.000473851
GCCACC	4	0.000473851
GCCCCT	4	0.000473851
GCCCTA	4	0.000473851
GCCCTT	4	0.000473851
GCCGTT	4	0.000473851
GCCTGA	4	0.000473851
GCCTTG	4	0.000473851
GCG	4	0.000473851
GCGGTT	4	0.000473851
GCTACT	4	0.000473851
GCTCCA	4	0.000473851
GCTCTC	4	0.000473851
GCTGAC	4	0.000473851
GCTGCA	4	0.000473851
GGAGA	4	0.000473851
GGC	4	0.000473851
GGCAAA	4	0.000473851
GGCAAC	4	0.000473851
GGCGAA	4	0.000473851
GGGAGG	4	0.000473851
GGGAGT	4	0.000473851
GGGGAG	4	0.000473851
GGTACC	4	0.000473851
GGTCAT	4	0.000473851
GGTCCA	4	0.000473851
GTAAAC	4	0.000473851
GTAAGC	4	0.000473851
GTACG	4	0.000473851
GTAGCC	4	0.000473851
GTCCT	4	0.000473851
GTGAAG	4	0.000473851
GTGGGT	4	0.000473851
GTGTAC	4	0.000473851
GTTAGG	4	0.000473851
TAACTT	4	0.000473851
TAAGC	4	0.000473851
TACAC	4	0.000473851
TACGGG	4	0.000473851
TACGGT	4	0.000473851
TACTC	4	0.000473851
TACTTT	4	0.000473851
TAGAT	4	0.000473851
TAGCC	4	0.000473851
TAGGGT	4	0.000473851
TCACGG	4	0.000473851
TCAGC	4	0.000473851
TCATGT	4	0.000473851
TCCCCC	4	0.000473851
TCCCTG	4	0.000473851
TCCG	4	0.000473851
TCGAA	4	0.000473851
TCGAAT	4	0.000473851
TCGAC	4	0.000473851
TCGAG	4	0.000473851
TCGGCA	4	0.000473851
TCGTA	4	0.000473851
TCGTG	4	0.000473851
TCTATT	4	0.000473851
TCTGCA	4	0.000473851
TGAATT	4	0.000473851
TGACAT	4	0.000473851
TGCCTG	4	0.000473851
TGCTC	4	0.000473851
TGGCAT	4	0.000473851
TGGCCG	4	0.000473851
TGGGAA	4	0.000473851
TGGGCA	4	0.000473851
TGGGCG	4	0.000473851
TGTAAA	4	0.000473851
TGTTAA	4	0.000473851
TGTTTT	4	0.000473851
TTAACT	4	0.000473851
TTAGAT	4	0.000473851
TTATAG	4	0.000473851
TTCAAA	4	0.000473851
TTCTTT	4	0.000473851
TTGCAC	4	0.000473851
TTGGCA	4	0.000473851
TTTCAA	4	0.000473851
TTTGGC	4	0.000473851
TTTGGT	4	0.000473851
TTTTCC	4	0.000473851
AACAG	3	0.000355388
AAGAC	3	0.000355388
ACACT	3	0.000355388
ACCCCG	3	0.000355388
ACGGCC	3	0.000355388
ACGGGT	3	0.000355388
ACGTT	3	0.000355388
ACTGCG	3	0.000355388
ACTTAG	3	0.000355388
AG	3	0.000355388
AGATAT	3	0.000355388
AGATTA	3	0.000355388
AGCGCC	3	0.000355388
AGCGGC	3	0.000355388
AGCGGG	3	0.000355388
AGGGCC	3	0.000355388
AGGGTG	3	0.000355388
AGGGTT	3	0.000355388
AGGTTT	3	0.000355388
AGTGAG	3	0.000355388
AGTTC	3	0.000355388
AGTTTT	3	0.000355388
ATCATT	3	0.000355388
ATTC	3	0.000355388
ATTCAA	3	0.000355388
ATTCGC	3	0.000355388
CAATAT	3	0.000355388
CAATGC	3	0.000355388
CAATTT	3	0.000355388
CACTCC	3	0.000355388
CAGAGG	3	0.000355388
CAGTGA	3	0.000355388
CAGTTC	3	0.000355388
CATAAA	3	0.000355388
CATAAT	3	0.000355388
CATCCC	3	0.000355388
CATCGG	3	0.000355388
CATGGA	3	0.000355388
CATGGG	3	0.000355388
CATGTA	3	0.000355388
CATGTC	3	0.000355388
CCACAG	3	0.000355388
CCACGA	3	0.000355388
CCACTA	3	0.000355388
CCCGAA	3	0.000355388
CCCTAC	3	0.000355388
CCCTGA	3	0.000355388
CCCTTG	3	0.000355388
CCGCTA	3	0.000355388
CCGTAT	3	0.000355388
CCTACC	3	0.000355388
CCTCTG	3	0.000355388
CCTGTC	3	0.000355388
CCTTGT	3	0.000355388
CGAAAA	3	0.000355388
CGAAGG	3	0.000355388
CGAATC	3	0.000355388
CGACGC	3	0.000355388
CGAGAC	3	0.000355388
CGATTA	3	0.000355388
CGCAAA	3	0.000355388
CGCAAC	3	0.000355388
CGCGGA	3	0.000355388
CGCTGT	3	0.000355388
CGGACG	3	0.000355388
CGGCAT	3	0.000355388
CGGCCT	3	0.000355388
CGGTCC	3	0.000355388
CGGTTC	3	0.000355388
CGTACG	3	0.000355388
CGTCAC	3	0.000355388
CGTCCT	3	0.000355388
CTAAG	3	0.000355388
CTAC	3	0.000355388
CTAGGA	3	0.000355388
CTATTT	3	0.000355388
CTCAGG	3	0.000355388
CTCGGC	3	0.000355388
CTCTGC	3	0.000355388
CTGCAG	3	0.000355388
CTGCCC	3	0.000355388
CTTAGG	3	0.000355388
CTTGAC	3	0.000355388
CTTTCG	3	0.000355388
GAAGCG	3	0.000355388
GAATAT	3	0.000355388
GAATTT	3	0.000355388
GACAGT	3	0.000355388
GAGAT	3	0.000355388
GAGGGG	3	0.000355388
GATAG	3	0.000355388
GATCTA	3	0.000355388
GATGAG	3	0.000355388
GATTTC	3	0.000355388
GCAATA	3	0.000355388
GCAATC	3	0.000355388
GCACAA	3	0.000355388
GCACAC	3	0.000355388
GCACTC	3	0.000355388
GCACTG	3	0.000355388
GCAGAA	3	0.000355388
GCAGTG	3	0.000355388
GCATAG	3	0.000355388
GCCGAA	3	0.000355388
GCCGCA	3	0.000355388
GCGCCT	3	0.000355388
GCTAGA	3	0.000355388
GCTCAG	3	0.000355388
GCTCGA	3	0.000355388
GCTGT	3	0.000355388
GGAAA	3	0.000355388
GGAAAC	3	0.000355388
GGACCC	3	0.000355388
GGAGT	3	0.000355388
GGAGTA	3	0.000355388
GGATTG	3	0.000355388
GGCAAG	3	0.000355388
GGCCAC	3	0.000355388
GGCGCT	3	0.000355388
GGCGTC	3	0.000355388
GGGAAC	3	0.000355388
GGGAGC	3	0.000355388
GGGGAT	3	0.000355388
GGGGTA	3	0.000355388
GGTAGC	3	0.000355388
GGTATA	3	0.000355388
GGTGCT	3	0.000355388
GGTTAG	3	0.000355388
GGTTGT	3	0.000355388
GTAAGG	3	0.000355388
GTAGAG	3	0.000355388
GTAGG	3	0.000355388
GTAGGG	3	0.000355388
GTATCA	3	0.000355388
GTATGT	3	0.000355388
GTCACG	3	0.000355388
GTCATA	3	0.000355388
GTCCAG	3	0.000355388
GTCCCT	3	0.000355388
GTCCTT	3	0.000355388
GTCTCA	3	0.000355388
GTCTGC	3	0.000355388
GTGAAC	3	0.000355388
GTGGAC	3	0.000355388
GTGGTA	3	0.000355388
GTGGTT	3	0.000355388
GTTCGA	3	0.000355388
GTTGCA	3	0.000355388
TAAATT	3	0.000355388
TAC	3	0.000355388
TACCG	3	0.000355388
TACGC	3	0.000355388
TACGG	3	0.000355388
TAG	3	0.000355388
TAGAA	3	0.000355388
TAGTAT	3	0.000355388
TATC	3	0.000355388
TATTAA	3	0.000355388
TATTCT	3	0.000355388
TATTGT	3	0.000355388
TATTTT	3	0.000355388
TCAATT	3	0.000355388
TCCGA	3	0.000355388
TCGTCA	3	0.000355388
TCGTTA	3	0.000355388
TCTCG	3	0.000355388
TGATAT	3	0.000355388
TGCACG	3	0.000355388
TGGA	3	0.000355388
TGGCA	3	0.000355388
TGGGCC	3	0.000355388
TGGTC	3	0.000355388
TGTCGG	3	0.000355388
TTAATA	3	0.000355388
TTAATT	3	0.000355388
TTACAT	3	0.000355388
TTAGA	3	0.000355388
TTATAA	3	0.000355388
TTCAAT	3	0.000355388
TTG	3	0.000355388
TTGAAA	3	0.000355388
TTGATT	3	0.000355388
TTGGCT	3	0.000355388
TTGTTT	3	0.000355388
TTTATC	3	0.000355388
TTTCCT	3	0.000355388
AAATAT	2	0.000236925
AACTC	2	0.000236925
AAGCG	2	0.000236925
ACAC	2	0.000236925
ACACG	2	0.000236925
ACAGC	2	0.000236925
ACATG	2	0.000236925
ACCA	2	0.000236925
ACGCGC	2	0.000236925
ACGGAG	2	0.000236925
ACGGCA	2	0.000236925
ACGTAG	2	0.000236925
ACT	2	0.000236925
ACTGGA	2	0.000236925
ACTTAA	2	0.000236925
ACTTTT	2	0.000236925
AGAAC	2	0.000236925
AGACA	2	0.000236925
AGACC	2	0.000236925
AGAGG	2	0.000236925
AGCCCC	2	0.000236925
AGCCGC	2	0.000236925
AGCT	2	0.000236925
AGGAT	2	0.000236925
AGGCA	2	0.000236925
AGGCCG	2	0.000236925
AGGCGC	2	0.000236925
AGTAG	2	0.000236925
AGTATT	2	0.000236925
AGTCC	2	0.000236925
AGTGT	2	0.000236925
ATAATT	2	0.000236925
ATG	2	0.000236925
ATTTGA	2	0.000236925
ATTTTA	2	0.000236925
ATTTTT	2	0.000236925
CAAGGC	2	0.000236925
CACCCC	2	0.000236925
CACCTA	2	0.000236925
CACGCC	2	0.000236925
CACGGG	2	0.000236925
CACTGG	2	0.000236925
CAGCCG	2	0.000236925
CAGCGC	2	0.000236925
CAGCGT	2	0.000236925
CAGCTG	2	0.000236925
CAGGAG	2	0.000236925
CAGGCC	2	0.000236925
CAGGGT	2	0.000236925
CAGTGC	2	0.000236925
CAGTTA	2	0.000236925
CATAGT	2	0.000236925
CATCGT	2	0.000236925
CATTAA	2	0.000236925
CATTAC	2	0.000236925
CATTAG	2	0.000236925
CATTAT	2	0.000236925
CATTCT	2	0.000236925
CATTTA	2	0.000236925
CCAAAC	2	0.000236925
CCAAAG	2	0.000236925
CCAACA	2	0.000236925
CCAACT	2	0.000236925
CCAAGA	2	0.000236925
CCAAGG	2	0.000236925
CCACTC	2	0.000236925
CCATTG	2	0.000236925
CCCAAG	2	0.000236925
CCCAGG	2	0.000236925
CCCATA	2	0.000236925
CCCCCA	2	0.000236925
CCCCCT	2	0.000236925
CCCCTG	2	0.000236925
CCCGAC	2	0.000236925
CCCGTG	2	0.000236925
CCG	2	0.000236925
CCGAAC	2	0.000236925
CCGAGA	2	0.000236925
CCGATG	2	0.000236925
CCGCCT	2	0.000236925
CCGCGT	2	0.000236925
CCTAAG	2	0.000236925
CCTATT	2	0.000236925
CCTC	2	0.000236925
CCTCAC	2	0.000236925
CCTCGC	2	0.000236925
CCTCGG	2	0.000236925
CCTCT	2	0.000236925
CCTGGA	2	0.000236925
CCTTTC	2	0.000236925
CCTTTT	2	0.000236925
CGA	2	0.000236925
CGAAGT	2	0.000236925
CGACGT	2	0.000236925
CGACTG	2	0.000236925
CGACTT	2	0.000236925
CGAGCC	2	0.000236925
CGAGGA	2	0.000236925
CGATAT	2	0.000236925
CGATGA	2	0.000236925
CGATGC	2	0.000236925
CGCACC	2	0.000236925
CGCATA	2	0.000236925
CGCCCA	2	0.000236925
CGCCTA	2	0.000236925
CGCCTC	2	0.000236925
CGCGAG	2	0.000236925
CGCGCA	2	0.000236925
CGGATG	2	0.000236925
CGGCAC	2	0.000236925
CGGCCG	2	0.000236925
CGGTAA	2	0.000236925
CGGTAC	2	0.000236925
CGGTCT	2	0.000236925
CGGTGA	2	0.000236925
CGTACT	2	0.000236925
CGTAGC	2	0.000236925
CGTATC	2	0.000236925
CGTC	2	0.000236925
CGTCGC	2	0.000236925
CGTCGG	2	0.000236925
CGTGAG	2	0.000236925
CGTTAG	2	0.000236925
CGTTCA	2	0.000236925
CGTTCC	2	0.000236925
CTA	2	0.000236925
CTCCCC	2	0.000236925
CTCCT	2	0.000236925
CTCTCG	2	0.000236925
CTGCCG	2	0.000236925
CTGCGC	2	0.000236925
CTTACG	2	0.000236925
CTTCCT	2	0.000236925
CTTTCT	2	0.000236925
GACCGC	2	0.000236925
GAGCCG	2	0.000236925
GAGCGG	2	0.000236925
GAGGA	2	0.000236925
GAGGTG	2	0.000236925
GAGTCG	2	0.000236925
GATAAC	2	0.000236925
GATATT	2	0.000236925
GATGT	2	0.000236925
GATTAA	2	0.000236925
GATTTA	2	0.000236925
GATTTT	2	0.000236925
GCAAAA	2	0.000236925
GCAAAT	2	0.000236925
GCAATT	2	0.000236925
GCACAG	2	0.000236925
GCAGCT	2	0.000236925
GCAGGC	2	0.000236925
GCATTC	2	0.000236925
GCCAAC	2	0.000236925
GCCAAT	2	0.000236925
GCCAGA	2	0.000236925
GCCATA	2	0.000236925
GCCCAC	2	0.000236925
GCCCAT	2	0.000236925
GCCTAC	2	0.000236925
GCCTAT	2	0.000236925
GCCTCA	2	0.000236925
GCCTGT	2	0.000236925
GCCTT	2	0.000236925
GCGACA	2	0.000236925
GCGACG	2	0.000236925
GCGCCA	2	0.000236925
GCGGTG	2	0.000236925
GCGTTC	2	0.000236925
GCGTTG	2	0.000236925
GCTAAA	2	0.000236925
GCTACA	2	0.000236925
GCTACG	2	0.000236925
GCTAGC	2	0.000236925
GCTCCG	2	0.000236925
GCTGGT	2	0.000236925
GCTGTA	2	0.000236925
GCTGTG	2	0.000236925
GCTTCG	2	0.000236925
GGACT	2	0.000236925
GGACTT	2	0.000236925
GGAGCC	2	0.000236925
GGAGGT	2	0.000236925
GGATC	2	0.000236925
GGCCAG	2	0.000236925
GGCCCT	2	0.000236925
GGCCGA	2	0.000236925
GGCCTC	2	0.000236925
GGCCTT	2	0.000236925
GGCGTA	2	0.000236925
GGCTAA	2	0.000236925
GGCTCG	2	0.000236925
GGCTTA	2	0.000236925
GGCTTG	2	0.000236925
GGGAAA	2	0.000236925
GGGAAT	2	0.000236925
GGGACC	2	0.000236925
GGGCCA	2	0.000236925
GGGCCT	2	0.000236925
GGGCGA	2	0.000236925
GGGCTT	2	0.000236925
GGGTAA	2	0.000236925
GGGTCG	2	0.000236925
GGGTGC	2	0.000236925
GGGTGG	2	0.000236925
GGTCAC	2	0.000236925
GGTCTC	2	0.000236925
GGTGCG	2	0.000236925
GGTTGA	2	0.000236925
GGTTGC	2	0.000236925
GGTTTG	2	0.000236925
GTAACC	2	0.000236925
GTAAGT	2	0.000236925
GTACAG	2	0.000236925
GTACGA	2	0.000236925
GTAGGA	2	0.000236925
GTAGTC	2	0.000236925
GTAGTT	2	0.000236925
GTATCC	2	0.000236925
GTATCG	2	0.000236925
GTCACA	2	0.000236925
GTCAGA	2	0.000236925
GTCCAT	2	0.000236925
GTCCTC	2	0.000236925
GTCCTG	2	0.000236925
GTCGAA	2	0.000236925
GTCGGT	2	0.000236925
GTGAGG	2	0.000236925
GTGCAT	2	0.000236925
GTGCCG	2	0.000236925
GTGGAT	2	0.000236925
GTGGCG	2	0.000236925
GTGGGA	2	0.000236925
GTTTCG	2	0.000236925
TAAAAT	2	0.000236925
TAAAC	2	0.000236925
TAACT	2	0.000236925
TACCA	2	0.000236925
TACCCT	2	0.000236925
TAGGAT	2	0.000236925
TAGGGA	2	0.000236925
TAGTGG	2	0.000236925
TATCA	2	0.000236925
TATGC	2	0.000236925
TC	2	0.000236925
TCAAAT	2	0.000236925
TCACAT	2	0.000236925
TCACGT	2	0.000236925
TCC	2	0.000236925
TCCCAA	2	0.000236925
TCCCAT	2	0.000236925
TCCGGC	2	0.000236925
TCCTGC	2	0.000236925
TCCTTT	2	0.000236925
TCGCGC	2	0.000236925
TCGGA	2	0.000236925
TCGGCG	2	0.000236925
TCGGTT	2	0.000236925
TCTAAA	2	0.000236925
TCTGA	2	0.000236925
TCTGC	2	0.000236925
TCTGGG	2	0.000236925
TCTTAA	2	0.000236925
TCTTG	2	0.000236925
TGAGG	2	0.000236925
TGATTA	2	0.000236925
TGATTT	2	0.000236925
TGCGGG	2	0.000236925
TGGATG	2	0.000236925
TGT	2	0.000236925
TGTATT	2	0.000236925
TGTCAT	2	0.000236925
TGTCTG	2	0.000236925
TGTGAG	2	0.000236925
TGTGAT	2	0.000236925
TTA	2	0.000236925
TTACTT	2	0.000236925
TTAGC	2	0.000236925
TTCGT	2	0.000236925
TTCTAT	2	0.000236925
TTCTG	2	0.000236925
TTCTTA	2	0.000236925
TTGAC	2	0.000236925
TTGCAT	2	0.000236925
TTTAAA	2	0.000236925
TTTAAT	2	0.000236925
TTTACT	2	0.000236925
TTTCAT	2	0.000236925
TTTTAC	2	0.000236925
TTTTAT	2	0.000236925
AAAAC	1	0.000118463
AAACG	1	0.000118463
AAAGA	1	0.000118463
AACCC	1	0.000118463
AACGG	1	0.000118463
AAGAG	1	0.000118463
AAGAT	1	0.000118463
AAGTC	1	0.000118463
AAGTT	1	0.000118463
AATC	1	0.000118463
AATCG	1	0.000118463
AATTAT	1	0.000118463
ACACA	1	0.000118463
ACACC	1	0.000118463
ACAGG	1	0.000118463
ACATC	1	0.000118463
ACCAC	1	0.000118463
ACCAG	1	0.000118463
ACCCGC	1	0.000118463
ACCGC	1	0.000118463
ACCGCC	1	0.000118463
ACCGGG	1	0.000118463
ACCTC	1	0.000118463
ACCTG	1	0.000118463
ACGCA	1	0.000118463
ACGCCC	1	0.000118463
ACGCCG	1	0.000118463
ACGCGG	1	0.000118463
ACGG	1	0.000118463
ACGTC	1	0.000118463
ACGTCG	1	0.000118463
ACTCC	1	0.000118463
ACTTAT	1	0.000118463
AGAA	1	0.000118463
AGAAA	1	0.000118463
AGAGA	1	0.000118463
AGATA	1	0.000118463
AGATG	1	0.000118463
AGCCC	1	0.000118463
AGCCT	1	0.000118463
AGCGT	1	0.000118463
AGCTA	1	0.000118463
AGCTG	1	0.000118463
AGGAG	1	0.000118463
AGGCGG	1	0.000118463
AGGGAT	1	0.000118463
AGGGCG	1	0.000118463
AGGGT	1	0.000118463
AGT	1	0.000118463
AGTAC	1	0.000118463
AGTAT	1	0.000118463
AGTGA	1	0.000118463
ATAGC	1	0.000118463
ATAGG	1	0.000118463
ATATCT	1	0.000118463
ATATTT	1	0.000118463
ATCCA	1	0.000118463
ATCGC	1	0.000118463
ATCGT	1	0.000118463
ATCTA	1	0.000118463
ATGGC	1	0.000118463
ATGTG	1	0.000118463
ATTGAT	1	0.000118463
ATTGC	1	0.000118463
C	1	0.000118463
CA	1	0.000118463
CAAAA	1	0.000118463
CAAC	1	0.000118463
CAACGC	1	0.000118463
CAAGCC	1	0.000118463
CAAGGG	1	0.000118463
CAAT	1	0.000118463
CACAGG	1	0.000118463
CACATT	1	0.000118463
CACCCG	1	0.000118463
CACCGG	1	0.000118463
CACCTG	1	0.000118463
CACGCG	1	0.000118463
CACTG	1	0.000118463
CAGAGA	1	0.000118463
CAGAT	1	0.000118463
CAGATT	1	0.000118463
CAGC	1	0.000118463
CAGCCC	1	0.000118463
CAGCGA	1	0.000118463
CAGGT	1	0.000118463
CAGTAT	1	0.000118463
CAGTCG	1	0.000118463
CAT	1	0.000118463
CATAG	1	0.000118463
CATCG	1	0.000118463
CATTTC	1	0.000118463
CCAATA	1	0.000118463
CCAATT	1	0.000118463
CCACA	1	0.000118463
CCACCG	1	0.000118463
CCACGC	1	0.000118463
CCAGAC	1	0.000118463
CCAGCA	1	0.000118463
CCAGCG	1	0.000118463
CCAGGT	1	0.000118463
CCATAG	1	0.000118463
CCATCG	1	0.000118463
CCATGT	1	0.000118463
CCATTC	1	0.000118463
CCCAAT	1	0.000118463
CCCACC	1	0.000118463
CCCAGC	1	0.000118463
CCCCCC	1	0.000118463
CCCCGA	1	0.000118463
CCCCTC	1	0.000118463
CCCGCA	1	0.000118463
CCCGGA	1	0.000118463
CCCGTC	1	0.000118463
CCCTAT	1	0.000118463
CCCTCC	1	0.000118463
CCGAAA	1	0.000118463
CCGACC	1	0.000118463
CCGATA	1	0.000118463
CCGCCG	1	0.000118463
CCGCGA	1	0.000118463
CCGCTG	1	0.000118463
CCGGCT	1	0.000118463
CCGGTC	1	0.000118463
CCGGTG	1	0.000118463
CCGTCC	1	0.000118463
CCGTCG	1	0.000118463
CCGTGG	1	0.000118463
CCGTT	1	0.000118463
CCGTTA	1	0.000118463
CCGTTT	1	0.000118463
CCTAAC	1	0.000118463
CCTAGT	1	0.000118463
CCTATA	1	0.000118463
CCTATG	1	0.000118463
CCTGCC	1	0.000118463
CCTGCG	1	0.000118463
CCTTC	1	0.000118463
CGAA	1	0.000118463
CGAAAG	1	0.000118463
CGAATT	1	0.000118463
CGACCA	1	0.000118463
CGACCG	1	0.000118463
CGACGG	1	0.000118463
CGAGCA	1	0.000118463
CGAGCG	1	0.000118463
CGAGCT	1	0.000118463
CGAGGG	1	0.000118463
CGAGTT	1	0.000118463
CGATTC	1	0.000118463
CGATTT	1	0.000118463
CGCAGA	1	0.000118463
CGCAGG	1	0.000118463
CGCAT	1	0.000118463
CGCATG	1	0.000118463
CGCCAC	1	0.000118463
CGCCAG	1	0.000118463
CGCCGT	1	0.000118463
CGCCTG	1	0.000118463
CGCGGT	1	0.000118463
CGCGTC	1	0.000118463
CGCGTG	1	0.000118463
CGCTAA	1	0.000118463
CGCTCA	1	0.000118463
CGCTCC	1	0.000118463
CGGAAT	1	0.000118463
CGGATT	1	0.000118463
CGGCCA	1	0.000118463
CGGCGA	1	0.000118463
CGGCTC	1	0.000118463
CGGCTT	1	0.000118463
CGGGAG	1	0.000118463
CGGGAT	1	0.000118463
CGGGCT	1	0.000118463
CGGGTC	1	0.000118463
CGGGTG	1	0.000118463
CGGTC	1	0.000118463
CGT	1	0.000118463
CGTA	1	0.000118463
CGTAAA	1	0.000118463
CGTAC	1	0.000118463
CGTACA	1	0.000118463
CGTATA	1	0.000118463
CGTCAT	1	0.000118463
CGTCCC	1	0.000118463
CGTCCG	1	0.000118463
CGTGAT	1	0.000118463
CGTTAC	1	0.000118463
CGTTCT	1	0.000118463
CGTTGT	1	0.000118463
CGTTTT	1	0.000118463
CTACA	1	0.000118463
CTACC	1	0.000118463
CTATC	1	0.000118463
CTCC	1	0.000118463
CTCCCG	1	0.000118463
CTCGG	1	0.000118463
CTCGGG	1	0.000118463
CTCGT	1	0.000118463
CTCTC	1	0.000118463
CTGGAC	1	0.000118463
CTGGGA	1	0.000118463
CTGGGG	1	0.000118463
CTGGTA	1	0.000118463
CTGTG	1	0.000118463
CTTAC	1	0.000118463
CTTCT	1	0.000118463
CTTGT	1	0.000118463
CTTTAA	1	0.000118463
CTTTAT	1	0.000118463
CTTTGG	1	0.000118463
CTTTTA	1	0.000118463
GA	1	0.000118463
GAA	1	0.000118463
GAAA	1	0.000118463
GAAAA	1	0.000118463
GAAGG	1	0.000118463
GAATT	1	0.000118463
GACCCG	1	0.000118463
GACCG	1	0.000118463
GACGCG	1	0.000118463
GACGT	1	0.000118463
GACTC	1	0.000118463
GAGAGA	1	0.000118463
GAGAGC	1	0.000118463
GAGTCC	1	0.000118463
GATAA	1	0.000118463
GCAAAC	1	0.000118463
GCAAAG	1	0.000118463
GCACCG	1	0.000118463
GCACGA	1	0.000118463
GCACGC	1	0.000118463
GCACGG	1	0.000118463
GCACTA	1	0.000118463
GCAGAC	1	0.000118463
GCAGAG	1	0.000118463
GCAGCC	1	0.000118463
GCAGCG	1	0.000118463
GCAGGT	1	0.000118463
GCATCC	1	0.000118463
GCATCG	1	0.000118463
GCCAGC	1	0.000118463
GCCCAG	1	0.000118463
GCCCGA	1	0.000118463
GCCCGT	1	0.000118463
GCCCTC	1	0.000118463
GCCCTG	1	0.000118463
GCCGCT	1	0.000118463
GCCGTC	1	0.000118463
GCCGTG	1	0.000118463
GCCTAA	1	0.000118463
GCCTAG	1	0.000118463
GCCTGC	1	0.000118463
GCCTGG	1	0.000118463
GCCTTT	1	0.000118463
GCGATA	1	0.000118463
GCGCCG	1	0.000118463
GCGCGA	1	0.000118463
GCGCGC	1	0.000118463
GCGGCA	1	0.000118463
GCGGCT	1	0.000118463
GCGGGT	1	0.000118463
GCGTAC	1	0.000118463
GCGTCA	1	0.000118463
GCGTCC	1	0.000118463
GCGTCT	1	0.000118463
GCGTGA	1	0.000118463
GCGTTT	1	0.000118463
GCTAAC	1	0.000118463
GCTAAG	1	0.000118463
GCTAGT	1	0.000118463
GCTATC	1	0.000118463
GCTATG	1	0.000118463
GCTCAC	1	0.000118463
GCTCAT	1	0.000118463
GCTCCC	1	0.000118463
GCTCGG	1	0.000118463
GCTGAA	1	0.000118463
GCTGAT	1	0.000118463
GCTGGG	1	0.000118463
GCTTC	1	0.000118463
GCTTCC	1	0.000118463
GCTTCT	1	0.000118463
GCTTG	1	0.000118463
GCTTGA	1	0.000118463
GCTTTC	1	0.000118463
GCTTTG	1	0.000118463
GG	1	0.000118463
GGAA	1	0.000118463
GGAAC	1	0.000118463
GGAAG	1	0.000118463
GGACGC	1	0.000118463
GGACGG	1	0.000118463
GGAGAT	1	0.000118463
GGAGC	1	0.000118463
GGAGCG	1	0.000118463
GGAGGG	1	0.000118463
GGATG	1	0.000118463
GGCAAT	1	0.000118463
GGCACG	1	0.000118463
GGCATA	1	0.000118463
GGCATT	1	0.000118463
GGCCCC	1	0.000118463
GGCCGG	1	0.000118463
GGCCGT	1	0.000118463
GGCGAC	1	0.000118463
GGCGAG	1	0.000118463
GGCGCA	1	0.000118463
GGCGCC	1	0.000118463
GGCGGC	1	0.000118463
GGCGTG	1	0.000118463
GGCTAT	1	0.000118463
GGCTGG	1	0.000118463
GGCTT	1	0.000118463
GGCTTT	1	0.000118463
GGGACG	1	0.000118463
GGGATT	1	0.000118463
GGGCAC	1	0.000118463
GGGCAG	1	0.000118463
GGGCGC	1	0.000118463
GGGCGG	1	0.000118463
GGGG	1	0.000118463
GGGGCG	1	0.000118463
GGGGCT	1	0.000118463
GGGGTC	1	0.000118463
GGGGTG	1	0.000118463
GGGTCC	1	0.000118463
GGGTTA	1	0.000118463
GGGTTC	1	0.000118463
GGTAAC	1	0.000118463
GGTAAG	1	0.000118463
GGTAAT	1	0.000118463
GGTATG	1	0.000118463
GGTATT	1	0.000118463
GGTCA	1	0.000118463
GGTCAG	1	0.000118463
GGTCCC	1	0.000118463
GGTCCG	1	0.000118463
GGTCGC	1	0.000118463
GGTGAT	1	0.000118463
GGTGGA	1	0.000118463
GGTGTA	1	0.000118463
GGTGTT	1	0.000118463
GGTTAC	1	0.000118463
GT	1	0.000118463
GTAAAA	1	0.000118463
GTAAAG	1	0.000118463
GTAACT	1	0.000118463
GTAATC	1	0.000118463
GTACAA	1	0.000118463
GTACAT	1	0.000118463
GTACCA	1	0.000118463
GTACCG	1	0.000118463
GTACCT	1	0.000118463
GTACGT	1	0.000118463
GTACTC	1	0.000118463
GTAGAA	1	0.000118463
GTAGCG	1	0.000118463
GTAGGT	1	0.000118463
GTATAA	1	0.000118463
GTATAG	1	0.000118463
GTATGC	1	0.000118463
GTATTC	1	0.000118463
GTATTG	1	0.000118463
GTATTT	1	0.000118463
GTCAA	1	0.000118463
GTCAAA	1	0.000118463
GTCAAG	1	0.000118463
GTCACT	1	0.000118463
GTCAGT	1	0.000118463
GTCCCC	1	0.000118463
GTCCCG	1	0.000118463
GTCGCA	1	0.000118463
GTCGCC	1	0.000118463
GTCGCG	1	0.000118463
GTCGGG	1	0.000118463
GTCGTC	1	0.000118463
GTCGTT	1	0.000118463
GTCTAT	1	0.000118463
GTCTCG	1	0.000118463
GTCTGG	1	0.000118463
GTCTGT	1	0.000118463
GTCTTG	1	0.000118463
GTGAGA	1	0.000118463
GTGAGC	1	0.000118463
GTGATT	1	0.000118463
GTGCGG	1	0.000118463
GTGCTA	1	0.000118463
GTGCTG	1	0.000118463
GTGGAG	1	0.000118463
GTGGCA	1	0.000118463
GTGGCC	1	0.000118463
GTGGG	1	0.000118463
GTGGGC	1	0.000118463
GTGGGG	1	0.000118463
GTGGT	1	0.000118463
GTGTAA	1	0.000118463
GTGTC	1	0.000118463
GTGTTC	1	0.000118463
GTGTTT	1	0.000118463
GTTAAC	1	0.000118463
GTTAAT	1	0.000118463
GTTACA	1	0.000118463
GTTACT	1	0.000118463
GTTATA	1	0.000118463
GTTATC	1	0.000118463
GTTCAC	1	0.000118463
GTTCCA	1	0.000118463
GTTCGT	1	0.000118463
GTTGAA	1	0.000118463
GTTGAC	1	0.000118463
GTTGAG	1	0.000118463
GTTGCG	1	0.000118463
GTTGG	1	0.000118463
GTTGTC	1	0.000118463
GTTTAC	1	0.000118463
GTTTGA	1	0.000118463
GTTTGG	1	0.000118463
GTTTTG	1	0.000118463
TAA	1	0.000118463
TAAAA	1	0.000118463
TAACA	1	0.000118463
TAACC	1	0.000118463
TAAGA	1	0.000118463
TAAGT	1	0.000118463
TAATAT	1	0.000118463
TAATTT	1	0.000118463
TACAG	1	0.000118463
TACGA	1	0.000118463
TACTG	1	0.000118463
TATAAT	1	0.000118463
TATAC	1	0.000118463
TATCT	1	0.000118463
TATGAT	1	0.000118463
TATGGG	1	0.000118463
TATTC	1	0.000118463
TATTGA	1	0.000118463
TATTTA	1	0.000118463
TCAAC	1	0.000118463
TCACG	1	0.000118463
TCATTT	1	0.000118463
TCCAG	1	0.000118463
TCCAT	1	0.000118463
TCCCA	1	0.000118463
TCCCCG	1	0.000118463
TCCCGC	1	0.000118463
TCCCT	1	0.000118463
TCCTGT	1	0.000118463
TCGCCC	1	0.000118463
TCGGCC	1	0.000118463
TCGGGG	1	0.000118463
TCGGT	1	0.000118463
TCTAAT	1	0.000118463
TCTAG	1	0.000118463
TCTAT	1	0.000118463
TCTCA	1	0.000118463
TCTTAT	1	0.000118463
TCTTTA	1	0.000118463
TCTTTT	1	0.000118463
TG	1	0.000118463
TGA	1	0.000118463
TGAAA	1	0.000118463
TGACC	1	0.000118463
TGATC	1	0.000118463
TGATG	1	0.000118463
TGCAT	1	0.000118463
TGCCGG	1	0.000118463
TGCCT	1	0.000118463
TGCGA	1	0.000118463
TGCGCC	1	0.000118463
TGCGCG	1	0.000118463
TGCGGC	1	0.000118463
TGG	1	0.000118463
TGGAA	1	0.000118463
TGGAG	1	0.000118463
TGGCT	1	0.000118463
TGGGA	1	0.000118463
TGGGAT	1	0.000118463
TGGTG	1	0.000118463
TGTT	1	0.000118463
TTAAAA	1	0.000118463
TTAGG	1	0.000118463
TTATCA	1	0.000118463
TTATTC	1	0.000118463
TTATTT	1	0.000118463
TTCAC	1	0.000118463
TTCGA	1	0.000118463
TTCTA	1	0.000118463
TTGA	1	0.000118463
TTGGGT	1	0.000118463
TTGT	1	0.000118463
TTGTAA	1	0.000118463
TTGTC	1	0.000118463
TTGTCT	1	0.000118463
TTTATT	1	0.000118463
TTTGAA	1	0.000118463
TTTGTT	1	0.000118463
TTTTAA	1	0.000118463
TTTTCT	1	0.000118463
