	1608150	99.5785
CTTCT	6618	0.409794
CTTCC	50	0.00309606
CCTCT	30	0.00185763
TTTCT	25	0.00154803
CTCCT	24	0.00148611
CTTCA	8	0.000495369
CATCT	7	0.000433448
CTACT	7	0.000433448
CTTTT	6	0.000371527
CTTAT	5	0.000309606
CTGCT	4	0.000247685
CGTCT	3	0.000185763
A	2	0.000123842
CTTCG	2	0.000123842
CTTGT	2	0.000123842
G	2	0.000123842
T	2	0.000123842
ATTCT	1	6.19212e-05
C	1	6.19212e-05
CA	1	6.19212e-05
CCCCT	1	6.19212e-05
CT	1	6.19212e-05
CTACA	1	6.19212e-05
CTTT	1	6.19212e-05
GGTGT	1	6.19212e-05
TTTAT	1	6.19212e-05
TTTCC	1	6.19212e-05
