	322726	97.8334
CTT	711	0.215537
ACCGC	113	0.0342556
TGTGC	83	0.0251612
ATCAG	82	0.0248581
TGTTA	82	0.0248581
ATTGG	80	0.0242518
CATAG	78	0.0236455
AAGCC	77	0.0233423
CGCGC	77	0.0233423
TGCGG	66	0.0200077
TTACC	60	0.0181888
AGCTG	54	0.0163699
ATCCG	54	0.0163699
GGTGC	50	0.0151573
CCACC	49	0.0148542
CACCA	48	0.0145511
CTCTG	47	0.0142479
ACAGT	44	0.0133385
GGCGC	44	0.0133385
TGCTC	44	0.0133385
ACCAC	43	0.0130353
ATGGT	43	0.0130353
TCAGT	43	0.0130353
CCGCT	42	0.0127322
AAATC	41	0.012429
GTCCG	41	0.012429
TCAAT	41	0.012429
ACGGT	40	0.0121259
CTCGG	40	0.0121259
ACAGC	39	0.0118227
GATCG	39	0.0118227
GTTGC	39	0.0118227
ATGCG	38	0.0115196
GTATG	38	0.0115196
TGTCC	38	0.0115196
CTTGC	37	0.0112164
TTTAC	37	0.0112164
AAATG	36	0.0109133
AATTG	36	0.0109133
CACCG	36	0.0109133
GCGCC	36	0.0109133
TGGTG	36	0.0109133
TTGCC	36	0.0109133
AAAGA	35	0.0106101
TTGCT	34	0.010307
GCGCA	33	0.0100038
TACAC	33	0.0100038
TGTTC	33	0.0100038
TTGGC	33	0.0100038
AACGC	32	0.0097007
AGTAC	32	0.0097007
ATGGC	32	0.0097007
CATCA	32	0.0097007
AATAC	31	0.00939756
TCCTG	31	0.00939756
ACGCC	30	0.00909441
AGAGG	30	0.00909441
CTATC	30	0.00909441
GAGCT	30	0.00909441
GGGGC	30	0.00909441
TATCT	30	0.00909441
ATTTC	29	0.00879126
CGTTA	29	0.00879126
CTCCA	29	0.00879126
GAGTC	29	0.00879126
CCATA	28	0.00848812
GGGAG	28	0.00848812
GTTCT	28	0.00848812
TCTTA	28	0.00848812
AATGC	27	0.00818497
AGTAT	27	0.00818497
CCCAG	27	0.00818497
CCTGC	27	0.00818497
TGCGA	27	0.00818497
TTTTT	27	0.00818497
GTACC	26	0.00788182
TTCCA	26	0.00788182
ACATT	25	0.00757867
CGAGG	25	0.00757867
CTGTC	25	0.00757867
ACTTC	24	0.00727553
CAGGG	24	0.00727553
GCATT	24	0.00727553
GGTAC	24	0.00727553
TAATG	24	0.00727553
TGGCG	24	0.00727553
CCGCA	23	0.00697238
CGATC	23	0.00697238
CGGAC	23	0.00697238
CTTTA	23	0.00697238
GCTCT	23	0.00697238
GGACG	23	0.00697238
TGTCA	23	0.00697238
TTTCG	23	0.00697238
CGTTC	22	0.00666923
GCACT	22	0.00666923
GTAGC	22	0.00666923
TGAGA	22	0.00666923
TGGGC	22	0.00666923
AGCAC	21	0.00636609
CGTAG	21	0.00636609
CGTCA	21	0.00636609
GGACA	21	0.00636609
GTCAC	21	0.00636609
TGAAG	21	0.00636609
AGGGT	20	0.00606294
ATCAT	20	0.00606294
ATTCA	20	0.00606294
CCGCG	20	0.00606294
CGGTA	20	0.00606294
CTTT	20	0.00606294
GAAGT	20	0.00606294
GGTAG	20	0.00606294
GTTCG	20	0.00606294
TCAAG	20	0.00606294
TTGGT	20	0.00606294
TTTGT	20	0.00606294
CATTC	19	0.00575979
GTGGT	19	0.00575979
TCCAA	19	0.00575979
TTAGC	19	0.00575979
TTGCG	19	0.00575979
AAATT	18	0.00545665
AACCA	18	0.00545665
ATTGC	18	0.00545665
CACGG	18	0.00545665
CTTG	18	0.00545665
GAGAC	18	0.00545665
GTCAT	18	0.00545665
TAGGC	18	0.00545665
TGCTA	18	0.00545665
AAGAG	17	0.0051535
ATCGG	17	0.0051535
CGGGG	17	0.0051535
GAGTG	17	0.0051535
GTTAC	17	0.0051535
TCAGG	17	0.0051535
TCGTA	17	0.0051535
TGCCA	17	0.0051535
TGGCC	17	0.0051535
TTATG	17	0.0051535
TTCTA	17	0.0051535
CGATG	16	0.00485035
GCCTT	16	0.00485035
GCTAT	16	0.00485035
TAATC	16	0.00485035
TAGCG	16	0.00485035
TCACA	16	0.00485035
TGTAT	16	0.00485035
TTGAT	16	0.00485035
ACTTG	15	0.0045472
AGGGC	15	0.0045472
AGTAA	15	0.0045472
CATGT	15	0.0045472
CCTCC	15	0.0045472
CGCTT	15	0.0045472
CTC	15	0.0045472
CTTCA	15	0.0045472
GATAG	15	0.0045472
GCTGC	15	0.0045472
GGCAC	15	0.0045472
GTGAG	15	0.0045472
GTGGC	15	0.0045472
TGTGA	15	0.0045472
AGTGC	14	0.00424406
ATGCC	14	0.00424406
ATGCT	14	0.00424406
ATGTG	14	0.00424406
CGTTG	14	0.00424406
GGGGT	14	0.00424406
GGGTG	14	0.00424406
TCATG	14	0.00424406
TTCAG	14	0.00424406
TTGGA	14	0.00424406
AAAAC	13	0.00394091
AAGTT	13	0.00394091
AATTC	13	0.00394091
ACGGC	13	0.00394091
ATTCG	13	0.00394091
CACAC	13	0.00394091
CATTT	13	0.00394091
CCCCG	13	0.00394091
CTTTG	13	0.00394091
GAGCG	13	0.00394091
GATGC	13	0.00394091
GCGAG	13	0.00394091
GGATG	13	0.00394091
GTAAA	13	0.00394091
GTACT	13	0.00394091
GTGTG	13	0.00394091
TCACT	13	0.00394091
TCAGC	13	0.00394091
TGGGG	13	0.00394091
ACAGA	12	0.00363776
AGGTA	12	0.00363776
ATAGG	12	0.00363776
ATGTT	12	0.00363776
CACAT	12	0.00363776
CAGTT	12	0.00363776
CCGAC	12	0.00363776
CGGGT	12	0.00363776
CGTCG	12	0.00363776
CTCTA	12	0.00363776
CTCTT	12	0.00363776
CTGAC	12	0.00363776
CTGTT	12	0.00363776
CTTCC	12	0.00363776
GCAAG	12	0.00363776
GTCGT	12	0.00363776
GTGCT	12	0.00363776
TAAGC	12	0.00363776
TCTTT	12	0.00363776
TGTAG	12	0.00363776
TGTTT	12	0.00363776
TTCGG	12	0.00363776
TTCTG	12	0.00363776
TTGTC	12	0.00363776
AAACC	11	0.00333462
AGACA	11	0.00333462
ATTTT	11	0.00333462
CAATA	11	0.00333462
CATGC	11	0.00333462
CCGTT	11	0.00333462
CGGTT	11	0.00333462
CTGGC	11	0.00333462
GAATG	11	0.00333462
GAGAT	11	0.00333462
GCCAG	11	0.00333462
GCCTG	11	0.00333462
GCGTT	11	0.00333462
GTCGG	11	0.00333462
TATGT	11	0.00333462
TCGGC	11	0.00333462
TCGGT	11	0.00333462
TGAGC	11	0.00333462
TGCCT	11	0.00333462
TGTCG	11	0.00333462
TGTGT	11	0.00333462
TTAAT	11	0.00333462
TTTTG	11	0.00333462
AAAGG	10	0.00303147
AATCC	10	0.00303147
ACTGG	10	0.00303147
AGCTT	10	0.00303147
AGTCA	10	0.00303147
ATGCA	10	0.00303147
ATGGG	10	0.00303147
CCACT	10	0.00303147
CGAAA	10	0.00303147
CTACA	10	0.00303147
GATTG	10	0.00303147
GCCGC	10	0.00303147
GGAGC	10	0.00303147
GTTTC	10	0.00303147
TAGGG	10	0.00303147
TCCTC	10	0.00303147
TCGCC	10	0.00303147
AAGCT	9	0.00272832
ACCTC	9	0.00272832
ACGAC	9	0.00272832
ACTAG	9	0.00272832
CACTG	9	0.00272832
CTCGC	9	0.00272832
CTGGT	9	0.00272832
CTTCG	9	0.00272832
GAGCA	9	0.00272832
GATGT	9	0.00272832
GATTT	9	0.00272832
GCAAC	9	0.00272832
GCGAC	9	0.00272832
TAACT	9	0.00272832
TAGCC	9	0.00272832
TCGGG	9	0.00272832
TGTGG	9	0.00272832
TTGTG	9	0.00272832
AACT	8	0.00242518
AAGTC	8	0.00242518
ATGTC	8	0.00242518
ATTGA	8	0.00242518
CA	8	0.00242518
CACAA	8	0.00242518
CGAGA	8	0.00242518
CGGGA	8	0.00242518
CTAGG	8	0.00242518
CTCAG	8	0.00242518
CTGGG	8	0.00242518
CTTGT	8	0.00242518
GCGCG	8	0.00242518
GGAAT	8	0.00242518
GTTCC	8	0.00242518
TATTA	8	0.00242518
TCTTC	8	0.00242518
TTTCC	8	0.00242518
TTTTA	8	0.00242518
AAGAT	7	0.00212203
CGGCC	7	0.00212203
CGGCG	7	0.00212203
GAAAC	7	0.00212203
GCTAC	7	0.00212203
GGCGG	7	0.00212203
TAAAT	7	0.00212203
TGCAA	7	0.00212203
ATCTG	6	0.00181888
CTACG	6	0.00181888
GACTA	6	0.00181888
CCCGA	5	0.00151573
CCT	5	0.00151573
GGCCA	5	0.00151573
TCCGT	5	0.00151573
AAGGC	4	0.00121259
GGTTG	4	0.00121259
AGGCC	3	0.000909441
CGCAC	3	0.000909441
AGTTG	2	0.000606294
ATCCA	2	0.000606294
CCGCC	2	0.000606294
CTA	2	0.000606294
CTCCG	2	0.000606294
GAGGC	2	0.000606294
GCGTG	2	0.000606294
GGGAC	2	0.000606294
GTT	2	0.000606294
TCGCT	2	0.000606294
TCGTC	2	0.000606294
AACAC	1	0.000303147
AAGGA	1	0.000303147
AAGTG	1	0.000303147
ACCAT	1	0.000303147
ACGCA	1	0.000303147
ACGCG	1	0.000303147
ACGTA	1	0.000303147
ACTG	1	0.000303147
AGAGT	1	0.000303147
AGCGC	1	0.000303147
AGGTT	1	0.000303147
AGTGT	1	0.000303147
ATAAT	1	0.000303147
ATACG	1	0.000303147
ATATG	1	0.000303147
ATATT	1	0.000303147
ATCTC	1	0.000303147
ATGAC	1	0.000303147
ATGAT	1	0.000303147
ATGGA	1	0.000303147
ATTAC	1	0.000303147
ATTAG	1	0.000303147
CAACC	1	0.000303147
CAGAG	1	0.000303147
CAGTC	1	0.000303147
CAT	1	0.000303147
CATCC	1	0.000303147
CCAAA	1	0.000303147
CCAAT	1	0.000303147
CCAGT	1	0.000303147
CCATT	1	0.000303147
CCCGC	1	0.000303147
CCGGT	1	0.000303147
CCTAC	1	0.000303147
CCTCA	1	0.000303147
CCTTA	1	0.000303147
CGCAG	1	0.000303147
CGCCA	1	0.000303147
CGGAT	1	0.000303147
CGTCC	1	0.000303147
CGTGA	1	0.000303147
CT	1	0.000303147
CTACC	1	0.000303147
CTAGC	1	0.000303147
CTCAT	1	0.000303147
CTCG	1	0.000303147
CTGCC	1	0.000303147
CTGG	1	0.000303147
CTGT	1	0.000303147
GAAGC	1	0.000303147
GACGC	1	0.000303147
GAGCC	1	0.000303147
GATAC	1	0.000303147
GATAT	1	0.000303147
GATCC	1	0.000303147
GATTC	1	0.000303147
GC	1	0.000303147
GCAAT	1	0.000303147
GCACA	1	0.000303147
GCAGC	1	0.000303147
GCGAT	1	0.000303147
GCGGT	1	0.000303147
GCTGT	1	0.000303147
GGACC	1	0.000303147
GGATT	1	0.000303147
GGCAG	1	0.000303147
GGCTA	1	0.000303147
GTAC	1	0.000303147
GTAGT	1	0.000303147
GTCAG	1	0.000303147
GTTAT	1	0.000303147
GTTCA	1	0.000303147
TAATA	1	0.000303147
TACCA	1	0.000303147
TCACC	1	0.000303147
TCCAG	1	0.000303147
TCCCT	1	0.000303147
TCCGG	1	0.000303147
TCGAG	1	0.000303147
TCTAA	1	0.000303147
TGA	1	0.000303147
TGACG	1	0.000303147
TGCGC	1	0.000303147
TGCTG	1	0.000303147
TGTAA	1	0.000303147
TGTCT	1	0.000303147
TTAAG	1	0.000303147
TTAGA	1	0.000303147
TTAGG	1	0.000303147
TTATT	1	0.000303147
TTCAC	1	0.000303147
TTCTT	1	0.000303147
TTGAC	1	0.000303147
