	5183377	75.8613
CCAAA	7101	0.103927
AAAAA	7031	0.102902
CCCAA	6449	0.0943843
CCTAA	6007	0.0879154
CACAA	5713	0.0836126
ACAAA	5674	0.0830418
CCAAG	5524	0.0808465
ACCAA	5518	0.0807587
CCACA	5459	0.0798952
AACAA	5342	0.0781828
CCATA	5318	0.0778316
AATAA	5316	0.0778023
CCAAT	5240	0.07669
CCTTA	5178	0.0757826
CAAAA	5162	0.0755484
ATAAA	4925	0.0720798
CCTAT	4925	0.0720798
CCGAA	4887	0.0715237
CTAAA	4783	0.0700016
CCTCA	4749	0.069504
TACAA	4731	0.0692405
AAAAT	4702	0.0688161
AAAAC	4690	0.0686405
CCTTT	4671	0.0683624
CCTTC	4645	0.0679819
TCAAA	4553	0.0666354
CCACG	4418	0.0646596
CCCAT	4416	0.0646303
AAATA	4407	0.0644986
CCCGA	4401	0.0644108
CCCAC	4327	0.0633278
CTCAA	4326	0.0633131
CATAA	4319	0.0632107
CCTAC	4296	0.0628741
ACTAA	4248	0.0621716
CCTTG	4232	0.0619374
TACCA	4211	0.0616301
ACAAT	4202	0.0614983
TCACA	4198	0.0614398
GAAAA	4144	0.0606495
TCCAA	4113	0.0601958
AACAT	4104	0.0600641
AAAAG	4095	0.0599323
CCCTA	4092	0.0598884
CCATT	4085	0.059786
CCCCA	4082	0.0597421
AATAC	4045	0.0592006
GATAA	4044	0.0591859
CCTCG	4042	0.0591567
CCCTT	4023	0.0588786
ATTAA	4022	0.058864
AATTA	4011	0.058703
CCATG	4008	0.0586591
TAAAA	4006	0.0586298
CCCCG	4004	0.0586005
CCGAT	3998	0.0585127
CACAT	3971	0.0581175
CCCTG	3966	0.0580444
CACAC	3927	0.0574736
ACCAT	3908	0.0571955
AACGA	3903	0.0571223
CCACT	3896	0.0570199
CTAAC	3883	0.0568296
GAAAC	3868	0.0566101
CCTAG	3852	0.0563759
CAATA	3831	0.0560686
CAAAG	3778	0.0552929
AACAC	3767	0.0551319
TCCCG	3745	0.0548099
CTCCA	3738	0.0547075
CTAAG	3728	0.0545611
ATCAA	3726	0.0545319
CTCAC	3721	0.0544587
CACGA	3715	0.0543709
CAAAC	3706	0.0542391
TACAC	3701	0.054166
AATGA	3645	0.0533464
CCTCT	3632	0.0531561
CTACA	3571	0.0522633
CACTA	3560	0.0521024
TACCG	3554	0.0520145
GTAAA	3549	0.0519414
TCCCA	3548	0.0519267
CTTAA	3541	0.0518243
CCAAC	3536	0.0517511
CTATA	3535	0.0517365
AAAGA	3513	0.0514145
CTACC	3512	0.0513999
AATAG	3508	0.0513413
CCTGA	3502	0.0512535
CTTAC	3477	0.0508876
TCCAC	3448	0.0504632
CATAG	3439	0.0503315
AATAT	3427	0.0501558
CCCCT	3424	0.0501119
CCTCC	3418	0.0500241
GATAC	3410	0.049907
ACCTT	3392	0.0496436
AACTA	3386	0.0495558
AAATT	3382	0.0494972
CCCGT	3381	0.0494826
ACATA	3337	0.0488386
TATAA	3332	0.0487655
TTAAA	3325	0.048663
ATAAC	3318	0.0485606
CATTA	3309	0.0484289
ATATA	3284	0.048063
CACTC	3273	0.047902
CTCCT	3262	0.047741
GAAAG	3256	0.0476532
ACAAG	3205	0.0469068
CATTG	3196	0.046775
AACTC	3185	0.046614
CACTT	3180	0.0465409
CCGTA	3180	0.0465409
GAAAT	3178	0.0465116
AAATG	3172	0.0464238
CATCA	3172	0.0464238
CAAAT	3163	0.0462921
ACTAT	3160	0.0462482
CAACA	3159	0.0462335
CCGGA	3156	0.0461896
AAATC	3151	0.0461164
TACAG	3151	0.0461164
TCAAT	3150	0.0461018
TCTAA	3113	0.0455603
ACCGA	3112	0.0455457
TTACA	3101	0.0453847
CTTTA	3087	0.0451798
ATTAT	3083	0.0451212
CACAG	3077	0.0450334
CATAT	3068	0.0449017
GAACA	3065	0.0448578
CCATC	3041	0.0445065
AACTG	3036	0.0444334
ACTGA	3034	0.0444041
ATAGA	3033	0.0443895
TACGA	3032	0.0443748
ACCTG	3029	0.0443309
CCCGG	3028	0.0443163
AATTT	3024	0.0442577
TACAT	3021	0.0442138
ACATT	3018	0.0441699
AATTC	3009	0.0440382
GAATA	3004	0.043965
GTTAA	3003	0.0439504
AATTG	2980	0.0436138
TATAC	2977	0.0435699
CTTCC	2973	0.0435113
CTATG	2966	0.0434089
GATAG	2964	0.0433796
AACGT	2961	0.0433357
ATTAC	2958	0.0432918
AACTT	2950	0.0431747
ACTTT	2948	0.0431454
CCGGT	2923	0.0427795
ATCGA	2919	0.042721
CTCTA	2918	0.0427064
TTCAA	2918	0.0427064
CCGTG	2901	0.0424576
TTCAC	2886	0.042238
GTAAC	2880	0.0421502
CTAGA	2867	0.04196
CACGT	2866	0.0419453
CTCTC	2854	0.0417697
AAGAA	2850	0.0417112
CATAC	2844	0.0416233
CCTGG	2837	0.0415209
ACCAC	2836	0.0415063
TAAAC	2831	0.0414331
CTAAT	2828	0.0413892
TCACG	2825	0.0413453
CATGA	2823	0.041316
CTCGA	2821	0.0412867
ATAAT	2815	0.0411989
TAACA	2811	0.0411404
TTCCG	2809	0.0411111
TCCAG	2793	0.0408769
ACCGT	2788	0.0408038
GATCA	2782	0.0407159
ATTAG	2781	0.0407013
ACTTA	2777	0.0406428
CTACG	2768	0.040511
CTCTG	2768	0.040511
GAACC	2765	0.0404671
TTCCA	2764	0.0404525
AATGT	2760	0.040394
TTACC	2760	0.040394
TTTAA	2753	0.0402915
CTCTT	2752	0.0402769
ACCTA	2749	0.040233
CAACG	2746	0.0401891
GTAAG	2739	0.0400866
GTTAC	2728	0.0399256
GAACG	2724	0.0398671
TCAAG	2722	0.0398378
TTAAG	2720	0.0398085
ACTAG	2713	0.0397061
CACGG	2712	0.0396915
CTTAG	2711	0.0396768
CCTGT	2693	0.0394134
TCCAT	2691	0.0393841
ATCAT	2689	0.0393548
CGTAA	2689	0.0393548
TAACC	2688	0.0393402
TATTA	2688	0.0393402
AACGG	2681	0.0392378
CACCG	2679	0.0392085
ATAAG	2673	0.0391207
TATCA	2662	0.0389597
TACCT	2660	0.0389304
TACGT	2659	0.0389158
GTACA	2658	0.0389011
CTCAT	2643	0.0386816
CAATG	2640	0.0386377
CATCG	2639	0.0386231
ACCGG	2634	0.0385499
CTCGG	2632	0.0385206
TCATA	2631	0.038506
ACTTC	2629	0.0384767
TACTC	2627	0.0384474
TTACG	2612	0.0382279
TTTCG	2608	0.0381694
AATCG	2606	0.0381401
CTTTC	2600	0.0380523
CTTTG	2597	0.0380084
CTCCG	2596	0.0379937
CACCA	2594	0.0379645
CCAGA	2593	0.0379498
TAATA	2590	0.0379059
CTTCA	2587	0.037862
TTATA	2587	0.037862
TCTAG	2582	0.0377888
TTCAG	2572	0.0376425
ATTTA	2570	0.0376132
ATTGA	2557	0.037423
TACTA	2555	0.0373937
CAATT	2549	0.0373059
TACCC	2545	0.0372473
TTCGA	2543	0.0372181
AATCT	2533	0.0370717
ACAAC	2528	0.0369985
CTGAA	2528	0.0369985
TCTTA	2524	0.03694
ACTAC	2523	0.0369254
AATCA	2521	0.0368961
GATTA	2517	0.0368375
ATAGG	2516	0.0368229
ATATG	2512	0.0367644
GTACG	2512	0.0367644
GGTAA	2508	0.0367058
CACCT	2503	0.0366326
TATCG	2498	0.0365595
CTAGG	2485	0.0363692
CTTCG	2485	0.0363692
GTATA	2475	0.0362228
CTCCC	2471	0.0361643
CTATT	2467	0.0361058
TTAAC	2459	0.0359887
TCCTA	2456	0.0359448
CATTT	2442	0.0357399
CAACC	2441	0.0357252
CATTC	2440	0.0357106
TAACG	2440	0.0357106
AAAGG	2439	0.035696
GATAT	2431	0.0355789
TAAAG	2429	0.0355496
GTTCA	2427	0.0355203
AATGG	2424	0.0354764
AATCC	2421	0.0354325
TTTAG	2416	0.0353594
GTTTA	2415	0.0353447
GATCG	2410	0.0352715
AAACC	2407	0.0352276
TACTT	2392	0.0350081
CTATC	2390	0.0349788
AAACG	2379	0.0348178
TCCTT	2379	0.0348178
ACATG	2375	0.0347593
CCGAG	2365	0.0346129
TCGAA	2361	0.0345544
TATAG	2354	0.034452
TCTCA	2350	0.0343934
TATAT	2344	0.0343056
TCAAC	2341	0.0342617
TAGAA	2335	0.0341739
GAAGA	2333	0.0341446
TTTCA	2333	0.0341446
ATCTA	2331	0.0341153
CTTGA	2325	0.0340275
CCGTT	2323	0.0339983
TCCCT	2323	0.0339983
GAATG	2322	0.0339836
AAGAT	2315	0.0338812
TATCC	2309	0.0337934
ATCTC	2307	0.0337641
TTTAC	2307	0.0337641
ATCTG	2298	0.0336324
CTTCT	2290	0.0335153
ATATT	2288	0.033486
TTAGA	2284	0.0334275
TTCTA	2284	0.0334275
TCCGA	2282	0.0333982
CTGTA	2281	0.0333836
TCTCG	2272	0.0332518
GTAAT	2269	0.0332079
GTACC	2267	0.0331787
CCCTC	2263	0.0331201
CTTTT	2249	0.0329152
TCACT	2249	0.0329152
GGAAA	2248	0.0329006
CTTAT	2244	0.032842
ATCAC	2241	0.0327981
GATGA	2230	0.0326372
GTTGA	2218	0.0324615
TCCGG	2218	0.0324615
GTATG	2215	0.0324176
CTTGG	2207	0.0323005
CCGGG	2201	0.0322127
ATTTG	2199	0.0321835
CACCC	2198	0.0321688
GACAA	2195	0.0321249
TATTG	2190	0.0320517
TTTTA	2189	0.0320371
ACTTG	2184	0.0319639
CACTG	2183	0.0319493
TCTAC	2179	0.0318907
GACTA	2178	0.0318761
TCTCC	2178	0.0318761
GATCC	2172	0.0317883
ATTTC	2170	0.031759
TCTTC	2164	0.0316712
GTTTG	2161	0.0316273
ACCTC	2159	0.031598
GTTCG	2158	0.0315834
ACTGT	2157	0.0315688
CCACC	2157	0.0315688
GATTC	2155	0.0315395
TTAAT	2151	0.0314809
TATGA	2145	0.0313931
GAACT	2140	0.03132
TCTAT	2128	0.0311443
ACACT	2122	0.0310565
CTACT	2119	0.0310126
GTTAG	2118	0.030998
GTTCC	2113	0.0309248
AACAG	2109	0.0308663
TAATC	2098	0.0307053
TCATG	2098	0.0307053
AAACT	2085	0.030515
TTTTG	2078	0.0304126
TTCTC	2071	0.0303101
TCCTG	2055	0.0300759
GACTC	2048	0.0299735
CCGAC	2047	0.0299589
TATCT	2045	0.0299296
TACTG	2041	0.029871
ATCTT	2039	0.0298418
CGTAG	2038	0.0298271
ACAGA	2035	0.0297832
CCCAG	2035	0.0297832
ATATC	2028	0.0296808
TACGG	2021	0.0295783
CGTAT	2020	0.0295637
CGTTA	1996	0.0292124
GACGA	1987	0.0290807
ATTTT	1983	0.0290222
GTTTC	1978	0.028949
CATCT	1973	0.0288758
CGAAA	1967	0.028788
TTTCC	1965	0.0287587
ATTGG	1961	0.0287002
CATGG	1953	0.0285831
TAATG	1945	0.028466
ACTCT	1940	0.0283929
GACTG	1932	0.0282758
TTATG	1930	0.0282465
CAATC	1928	0.0282172
GTGAA	1923	0.0281441
TCTTT	1923	0.0281441
GTCAA	1922	0.0281294
TCGTA	1922	0.0281294
TTTTC	1916	0.0280416
GTAGA	1913	0.0279977
TCTCT	1913	0.0279977
GATTG	1908	0.0279245
TCATT	1907	0.0279099
GTTAT	1887	0.0276172
ATACG	1882	0.027544
ACTGG	1881	0.0275294
CTGCC	1859	0.0272074
TATTC	1859	0.0272074
GATCT	1855	0.0271488
GTATC	1855	0.0271488
CATCC	1851	0.0270903
TTGAA	1849	0.027061
GTCGA	1838	0.0269
AAGTA	1833	0.0268269
ACACG	1832	0.0268122
GACCA	1832	0.0268122
TCTTG	1822	0.0266659
GACCT	1819	0.026622
TTTGA	1816	0.0265781
CATGT	1812	0.0265195
CTGTG	1811	0.0265049
TTCGG	1796	0.0262853
GGTAC	1793	0.0262414
ACCAG	1792	0.0262268
TTCTG	1790	0.0261975
CTGAT	1778	0.0260219
ATACT	1763	0.0258024
TAAAT	1763	0.0258024
CAAGA	1762	0.0257877
GAATC	1748	0.0255828
TAACT	1748	0.0255828
GACCG	1744	0.0255243
TCACC	1742	0.025495
ATTCC	1741	0.0254804
ATACC	1740	0.0254658
GTACT	1736	0.0254072
TAGAT	1736	0.0254072
TCCCC	1735	0.0253926
GATTT	1731	0.025334
TTCCC	1731	0.025334
TTGCC	1727	0.0252755
ATTGT	1717	0.0251291
GTCTA	1717	0.0251291
GGTGA	1713	0.0250706
CCAGG	1710	0.0250267
CAACT	1708	0.0249974
TTATC	1707	0.0249828
TCAGA	1703	0.0249242
GTTCT	1702	0.0249096
TCGAT	1699	0.0248657
GACTT	1696	0.0248218
CGCTA	1695	0.0248072
CCCCC	1694	0.0247925
TTCAT	1690	0.024734
AAGGA	1684	0.0246462
TAGTA	1673	0.0244852
ATCAG	1658	0.0242656
ATGAA	1653	0.0241925
TATTT	1642	0.0240315
GTCCA	1640	0.0240022
GTATT	1636	0.0239437
CCGTC	1622	0.0237388
AAACA	1621	0.0237241
GACGT	1621	0.0237241
GATGG	1620	0.0237095
TTGTA	1614	0.0236217
ATTCT	1613	0.0236071
CTTGT	1611	0.0235778
ATCGT	1608	0.0235339
ATTCG	1603	0.0234607
GGGAA	1594	0.023329
ATCGG	1588	0.0232412
GGTAG	1582	0.0231534
TTCTT	1578	0.0230948
TTTGG	1578	0.0230948
TTTAT	1576	0.0230655
ACTCG	1573	0.0230216
CGTAC	1573	0.0230216
ACTCC	1572	0.023007
GTAGG	1565	0.0229045
ATAGT	1555	0.0227582
CGTGA	1555	0.0227582
GGTTA	1555	0.0227582
TATGG	1554	0.0227436
CGTTT	1553	0.0227289
ACGAT	1543	0.0225826
TATGT	1537	0.0224948
GTGGA	1530	0.0223923
ACATC	1529	0.0223777
CTCGT	1528	0.022363
TTAGG	1523	0.0222899
TTCCT	1522	0.0222752
GTGAC	1521	0.0222606
AAGTG	1519	0.0222313
CAGAA	1509	0.022085
GGTAT	1507	0.0220557
CTGGG	1493	0.0218508
GTGTA	1492	0.0218362
TAATT	1492	0.0218362
TTTCT	1484	0.0217191
TTTTT	1484	0.0217191
CGTTC	1483	0.0217044
TATGC	1481	0.0216752
GTCTT	1477	0.0216166
GGTGG	1476	0.021602
CTGAC	1473	0.0215581
CTGTT	1465	0.021441
GTTGG	1465	0.021441
TCATC	1464	0.0214264
TGTAA	1464	0.0214264
TCCGT	1463	0.0214117
CTGGA	1460	0.0213678
CTAGT	1450	0.0212215
GTGTG	1446	0.0211629
GACGG	1444	0.0211337
GTTTT	1443	0.021119
CGCTT	1439	0.0210605
TAAGA	1429	0.0209141
TCGTG	1425	0.0208556
GTCGG	1422	0.0208117
TTATT	1422	0.0208117
GACAT	1420	0.0207824
GCTAA	1404	0.0205482
TTGAC	1401	0.0205043
GTCTC	1390	0.0203433
GTTGT	1389	0.0203287
ATGTA	1386	0.0202848
GAATT	1386	0.0202848
GAAGG	1385	0.0202702
ACAGG	1382	0.0202263
TTACT	1382	0.0202263
GGAAC	1378	0.0201677
ACGAA	1367	0.0200067
GACCC	1366	0.0199921
AACCC	1362	0.0199335
ATGTG	1362	0.0199335
CGAAG	1357	0.0198604
TCTGG	1344	0.0196701
AACCT	1334	0.0195237
CAAGG	1330	0.0194652
CGTGG	1330	0.0194652
CGTTG	1330	0.0194652
TTGAT	1325	0.019392
TTCGC	1321	0.0193335
GATGT	1315	0.0192457
TCCTC	1314	0.019231
AACCG	1311	0.0191871
TAGAC	1311	0.0191871
GTCTG	1309	0.0191579
CCTGC	1303	0.01907
CTGGT	1299	0.0190115
CTTGC	1295	0.018953
GGGTA	1289	0.0188652
TACGC	1287	0.0188359
TTCGT	1287	0.0188359
TTTGC	1286	0.0188212
GGATA	1285	0.0188066
ACAGT	1283	0.0187773
ACGTT	1276	0.0186749
CGATA	1271	0.0186017
TAGTG	1268	0.0185578
AAGGT	1263	0.0184846
GGTTG	1256	0.0183822
TAGGA	1251	0.018309
TCTGA	1246	0.0182358
AAAGT	1228	0.0179724
CGCGA	1217	0.0178114
GTCCT	1217	0.0178114
GGGAT	1213	0.0177529
GCTTA	1203	0.0176065
GCTTT	1202	0.0175919
AAGGG	1194	0.0174748
TTTGT	1192	0.0174455
CTGAG	1191	0.0174309
CTCGC	1190	0.0174162
GTGGG	1190	0.0174162
CGAAC	1183	0.0173138
GGGGA	1183	0.0173138
TCAGG	1183	0.0173138
GTGCC	1180	0.0172699
GTCCG	1172	0.0171528
GTGAT	1170	0.0171235
GGTGT	1164	0.0170357
ATACA	1161	0.0169918
CGCAA	1152	0.0168601
CAGTA	1147	0.0167869
TCTGT	1137	0.0166406
TTGGA	1132	0.0165674
TGCAA	1131	0.0165527
TGAAA	1125	0.0164649
CGATT	1122	0.016421
ATGAT	1121	0.0164064
AAGAG	1118	0.0163625
GCTCT	1117	0.0163478
CTGTC	1116	0.0163332
TGTAC	1115	0.0163186
ATGGA	1109	0.0162308
GTCAT	1102	0.0161283
GTGTT	1102	0.0161283
GGAAG	1098	0.0160698
TTGTG	1097	0.0160551
ATTCA	1088	0.0159234
TTGGT	1085	0.0158795
GGAAT	1079	0.0157917
ACGTA	1076	0.0157478
TGTTA	1075	0.0157332
GGTTC	1072	0.0156892
ACCCT	1068	0.0156307
GACAC	1062	0.0155429
CGAAT	1058	0.0154844
TCTGC	1056	0.0154551
ACGTG	1052	0.0153965
CGATC	1048	0.015338
ACACC	1046	0.0153087
CGATG	1044	0.0152795
TTAGC	1039	0.0152063
TAGAG	1038	0.0151916
TCGGA	1030	0.0150746
GCTAT	1028	0.0150453
GGGGG	1028	0.0150453
GGGTG	1020	0.0149282
CGCGG	1018	0.0148989
TTGCT	1012	0.0148111
TGCGA	1009	0.0147672
ATGGG	1005	0.0147087
GTTGC	1002	0.0146648
GCCAA	1000	0.0146355
TGCTA	1000	0.0146355
TTGTC	997	0.0145916
CAGAT	996	0.014577
TTGGG	991	0.0145038
ATGTT	988	0.0144599
TCGGT	983	0.0143867
TAGGT	979	0.0143281
TAGGG	977	0.0142989
GTCCC	968	0.0141672
GCCTT	965	0.0141233
TGCCT	965	0.0141233
GGATG	961	0.0140647
CGTGT	959	0.0140354
GCCTA	957	0.0140062
TGAAC	952	0.013933
TTGCG	952	0.013933
TGTTG	941	0.013772
TGTAG	938	0.0137281
CCAGT	936	0.0136988
TCGAC	936	0.0136988
TTGTT	936	0.0136988
GTGTC	935	0.0136842
TCGAG	935	0.0136842
GTCAC	934	0.0136696
TTGAG	929	0.0135964
ACTCA	928	0.0135817
ATGGT	925	0.0135378
GTGGT	919	0.01345
TCGCT	918	0.0134354
TCGCC	914	0.0133768
TGTAT	914	0.0133768
GAGAA	909	0.0133037
TTAGT	905	0.0132451
TGCTT	904	0.0132305
TGCCC	898	0.0131427
GGTGC	894	0.0130841
GGATC	888	0.0129963
ACCCG	887	0.0129817
TCGTT	886	0.012967
GCTTG	880	0.0128792
GCTCA	876	0.0128207
TGTGG	871	0.0127475
GCTCG	869	0.0127182
GTCGT	866	0.0126743
TGTTC	866	0.0126743
CAGAG	865	0.0126597
CTCAG	863	0.0126304
GATGC	862	0.0126158
TGGAA	859	0.0125719
TGAAG	854	0.0124987
CGCAT	853	0.0124841
TAGCT	850	0.0124402
GCTGA	846	0.0123816
TGCGG	845	0.012367
GAGAG	837	0.0122499
ACACA	836	0.0122353
ACGGG	833	0.0121914
CGCGT	830	0.0121475
ACGGT	829	0.0121328
GGATT	828	0.0121182
AAGAC	818	0.0119718
TAAGG	816	0.0119426
GGTCG	814	0.0119133
ATCCG	812	0.011884
CGAGA	810	0.0118548
CTGCT	807	0.0118108
AAGTT	804	0.0117669
TAGCC	804	0.0117669
TAGCG	800	0.0117084
ATCCT	798	0.0116791
GGGAG	795	0.0116352
TGCTG	794	0.0116206
TGATA	791	0.0115767
TGCTC	790	0.011562
CGCTC	781	0.0114303
GTAGT	777	0.0113718
CTAGC	773	0.0113132
TGTGA	773	0.0113132
ACCCC	769	0.0112547
GAGAT	758	0.0110937
ACGGA	755	0.0110498
TGCGT	752	0.0110059
AGTAA	746	0.0109181
CAGTG	746	0.0109181
TGTTT	726	0.0106254
CAAGT	722	0.0105668
TCGCG	716	0.010479
GCCAT	715	0.0104644
GAAGT	713	0.0104351
TGTCC	709	0.0103766
ATTGC	707	0.0103473
TGCAT	707	0.0103473
ATAGC	704	0.0103034
CAGGA	700	0.0102448
GGGAC	695	0.0101717
TGCCG	678	0.00992287
TGGAT	677	0.00990823
CAGTT	674	0.00986432
AATGC	669	0.00979115
GCGAA	668	0.00977651
TGTCT	663	0.00970333
TCGGG	660	0.00965943
GTGCG	641	0.00938135
AACCA	633	0.00926427
AGAAA	633	0.00926427
ATCCC	631	0.009235
GCGAT	628	0.00919109
GCCGA	624	0.00913255
TGGGA	624	0.00913255
CTGCG	623	0.00911791
TGTCG	622	0.00910328
CGTCT	620	0.00907401
GCTTC	619	0.00905937
GGTTT	619	0.00905937
GGTCA	617	0.0090301
GCCCA	609	0.00891302
AACGC	608	0.00889838
GGTCT	604	0.00883984
GAGGA	599	0.00876666
GGACT	597	0.00873739
CCGCC	596	0.00872275
TGAAT	588	0.00860567
TGCCA	588	0.00860567
TAGTC	581	0.00850322
CGGAT	577	0.00844468
TCGTC	573	0.00838614
GCCTG	569	0.0083276
CGGAA	568	0.00831296
TGCAC	568	0.00831296
TGACC	566	0.00828369
GCTCC	559	0.00818124
CGCCT	554	0.00810806
GGGGT	551	0.00806416
GAGTA	549	0.00803489
TCAGT	549	0.00803489
TGATC	549	0.00803489
GGAGA	547	0.00800562
GCCCT	545	0.00797634
GCGTA	542	0.00793244
TAGCA	540	0.00790317
GGACC	539	0.00788853
TGTCA	531	0.00777145
CGCAC	522	0.00763973
GTGCT	521	0.00762509
TGGTA	512	0.00749337
GCCGG	509	0.00744947
AAGTC	507	0.0074202
ATGTC	504	0.00737629
GCGTG	504	0.00737629
GCTGT	504	0.00737629
GCGGA	501	0.00733238
GGGTC	501	0.00733238
AGTTA	499	0.00730311
GAGGG	498	0.00728848
GGACG	494	0.00722993
ACTGC	491	0.00718603
AGTAT	486	0.00711285
TAAGC	485	0.00709821
GTCGC	483	0.00706894
TGGGG	482	0.00705431
GCCGT	481	0.00703967
TAAGT	481	0.00703967
TAGTT	480	0.00702504
CGGGA	478	0.00699577
ATCGC	477	0.00698113
CCGCT	474	0.00693722
ACCGC	470	0.00687868
GGAGG	465	0.0068055
TGATT	465	0.0068055
CCCGC	464	0.00679087
GCTAG	462	0.0067616
TGAGA	461	0.00674696
GCAAA	460	0.00673233
CCGCG	457	0.00668842
CGTCC	457	0.00668842
CGTCG	456	0.00667379
GCGGT	455	0.00665915
TGACT	453	0.00662988
GCACA	452	0.00661524
AAAGC	449	0.00657134
AGTAG	449	0.00657134
GGGTT	448	0.0065567
GCGTT	447	0.00654207
CAGGG	446	0.00652743
TTGCA	446	0.00652743
TGTGT	444	0.00649816
CAGGT	443	0.00648352
TGGAG	442	0.00646889
CGGTA	440	0.00643962
CACGC	438	0.00641035
GTGAG	438	0.00641035
GCTGG	437	0.00639571
TGGTG	437	0.00639571
CATGC	434	0.0063518
GGACA	428	0.00626399
CGCCC	427	0.00624936
TGACG	427	0.00624936
TGATG	427	0.00624936
AGAAT	425	0.00622009
GCTAC	422	0.00617618
GCCTC	421	0.00616154
ATCCA	420	0.00614691
AGATT	419	0.00613227
GAGTG	412	0.00602982
CGAGG	409	0.00598592
ATGAC	407	0.00595665
CGGGG	407	0.00595665
TCGCA	402	0.00588347
TGTGC	394	0.00576638
GCCCG	392	0.00573711
ACCCA	387	0.00566394
GAGGT	383	0.00560539
ATGAG	381	0.00557612
GACGC	379	0.00554685
GCGGG	375	0.00548831
GGTCC	375	0.00548831
AGTGA	374	0.00547367
CGACC	366	0.00535659
TCCGC	360	0.00526878
AGCTA	355	0.0051956
CGCTG	353	0.00516633
GCACT	353	0.00516633
GGAGT	353	0.00516633
CAGAC	347	0.00507852
CGGAG	347	0.00507852
GCAAT	347	0.00507852
ACGAG	344	0.00503461
GTGCA	340	0.00497607
CTGCA	335	0.00490289
TGACA	333	0.00487362
GAGTT	328	0.00480044
GCATT	326	0.00477117
CGAGT	325	0.00475654
CGACT	324	0.0047419
TGAGG	324	0.0047419
CGGTG	323	0.00472726
TGGAC	323	0.00472726
AGATA	317	0.00463945
GACAG	312	0.00456627
AGATG	310	0.004537
AGTGG	307	0.0044931
GAGAC	303	0.00443455
AGTTG	302	0.00441992
GCATA	287	0.00420039
CTGGC	284	0.00415648
GAAGC	284	0.00415648
AGCTT	275	0.00402476
AGCGG	274	0.00401013
AGTGT	268	0.00392231
AGTTT	268	0.00392231
TGAGC	267	0.00390768
CGGGT	265	0.00387841
CGCCA	256	0.00374669
GAGTC	254	0.00371742
CGCCG	253	0.00370278
GCCAC	251	0.00367351
TGGGT	251	0.00367351
CGGTT	250	0.00365887
CGTGC	244	0.00357106
GCAAG	244	0.00357106
GCACG	243	0.00355643
TTGGC	241	0.00352715
CGTCA	234	0.00342471
AGAAG	229	0.00335153
GCGTC	227	0.00332226
GTAGC	227	0.00332226
TGGTC	224	0.00327835
AGAGA	213	0.00311736
GAGCT	213	0.00311736
CAAGC	205	0.00300028
AGCGA	204	0.00298564
CCGCA	204	0.00298564
AGTAC	201	0.00294173
GCGAC	201	0.00294173
GCCCC	200	0.0029271
GAGCC	194	0.00283929
GAGCG	194	0.00283929
TGAGT	194	0.00283929
AGCAA	192	0.00281001
AGTTC	188	0.00275147
ACGTC	187	0.00273684
CGGAC	183	0.0026783
TGCGC	183	0.0026783
GCGCC	177	0.00259048
GGCCA	177	0.00259048
CGACA	168	0.00245876
GTCAG	165	0.00241486
GGGGC	161	0.00235631
CGACG	160	0.00234168
GTGGC	158	0.00231241
AGAAC	156	0.00228314
AGCTG	151	0.00220996
CG	151	0.00220996
AGCAT	147	0.00215142
CGCGC	145	0.00212215
GGCCT	144	0.00210751
ACGAC	141	0.0020636
GAGCA	141	0.0020636
AGCGT	138	0.0020197
GCATG	135	0.00197579
GGGCC	131	0.00191725
AGAGG	129	0.00188798
AAGCC	127	0.00185871
CT	124	0.0018148
GCGAG	124	0.0018148
GCGCA	124	0.0018148
TGCAG	124	0.0018148
CGGTC	121	0.00177089
ATGCC	120	0.00175626
CC	118	0.00172699
GGCTA	115	0.00168308
AGCTC	113	0.00165381
AGTCC	112	0.00163918
A	107	0.001566
CGCAG	100	0.00146355
GCAGA	100	0.00146355
AAGCG	99	0.00144891
AAGGC	99	0.00144891
TGGTT	96	0.00140501
ATGCG	95	0.00139037
ATGCT	95	0.00139037
AA	93	0.0013611
GGCGT	93	0.0013611
AGATC	92	0.00134647
GCGCT	90	0.00131719
AGAGT	89	0.00130256
CCAA	88	0.00128792
G	87	0.00127329
GGCCC	84	0.00122938
AT	83	0.00121475
AGGAT	81	0.00118548
CA	80	0.00117084
AC	79	0.0011562
AAGCT	78	0.00114157
GCCAG	77	0.00112693
GGCCG	77	0.00112693
ACGCC	76	0.0011123
CCGGC	75	0.00109766
CGAGC	75	0.00109766
GGCTC	75	0.00109766
GGCTG	75	0.00109766
AGCCT	74	0.00108303
GGCTT	73	0.00106839
T	73	0.00106839
ACGCT	71	0.00103912
ACAGC	69	0.00100985
TA	69	0.00100985
TGGCC	69	0.00100985
AGCAC	66	0.000965943
CAGCC	66	0.000965943
GGGCT	66	0.000965943
AGCCA	64	0.000936672
GCGCG	63	0.000922036
GG	61	0.000892765
CTAA	60	0.00087813
GGCGA	60	0.00087813
CCCT	59	0.000863494
TGGGC	59	0.000863494
ATAA	58	0.000848859
CAGCA	58	0.000848859
GT	58	0.000848859
AATA	57	0.000834223
ACAA	57	0.000834223
GCATC	57	0.000834223
CCTC	56	0.000819588
CTCT	56	0.000819588
TCCG	56	0.000819588
AGGGG	54	0.000790317
C	53	0.000775681
TGGCT	53	0.000775681
AAGCA	52	0.000761046
GA	52	0.000761046
GGAGC	49	0.000717139
GGGCG	49	0.000717139
AGTCT	47	0.000687868
AGACT	46	0.000673233
GGCGG	46	0.000673233
ACTA	45	0.000658597
ACGGC	43	0.000629326
AGCCC	43	0.000629326
CAGTC	43	0.000629326
AGCAG	42	0.000614691
CCAGC	42	0.000614691
CTAG	42	0.000614691
CTCA	42	0.000614691
TACA	42	0.000614691
TT	42	0.000614691
AGGAA	41	0.000600055
CATA	41	0.000600055
CGGCC	41	0.000600055
GGCAT	41	0.000600055
CACA	40	0.00058542
CCCC	40	0.00058542
CCCG	39	0.000570784
GGCAC	39	0.000570784
AGGTA	38	0.000556149
AATT	37	0.000541513
AGTCG	37	0.000541513
CTAC	37	0.000541513
CCTT	36	0.000526878
TCGGC	36	0.000526878
ACGCG	35	0.000512242
AGGGA	35	0.000512242
CAGCT	35	0.000512242
GCAGT	35	0.000512242
GGCAA	35	0.000512242
ATGCA	34	0.000497607
CTAT	34	0.000497607
TTTT	34	0.000497607
ATGGC	33	0.000482971
TCCC	33	0.000482971
AGTCA	32	0.000468336
CACG	32	0.000468336
CCCA	32	0.000468336
GCAAC	31	0.0004537
TAGGC	31	0.0004537
AAAA	30	0.000439065
AGACG	30	0.000439065
TCAGC	30	0.000439065
TCTG	30	0.000439065
ACCT	29	0.000424429
AGACC	29	0.000424429
CATT	29	0.000424429
CTTA	29	0.000424429
AGGTG	28	0.000409794
ATTA	28	0.000409794
CAAC	28	0.000409794
CAAT	28	0.000409794
CCAC	28	0.000409794
ATAC	27	0.000395158
CGAG	27	0.000395158
GAAA	27	0.000395158
CACT	26	0.000380523
GAGGC	26	0.000380523
GCTGC	26	0.000380523
TG	26	0.000380523
AGCCG	25	0.000365887
ATTAAT	25	0.000365887
CAGCG	25	0.000365887
GTCA	25	0.000365887
TCAA	25	0.000365887
AGGGT	24	0.000351252
AGTGC	24	0.000351252
CCTG	24	0.000351252
GACTCA	24	0.000351252
TAC	24	0.000351252
TATA	24	0.000351252
TGGCA	24	0.000351252
ACTG	23	0.000336616
AG	23	0.000336616
CCTA	23	0.000336616
CAC	22	0.000321981
GTGT	22	0.000321981
ATT	21	0.000307345
CCGA	21	0.000307345
GCCGC	21	0.000307345
GTTA	21	0.000307345
TC	21	0.000307345
TTAA	21	0.000307345
TTCC	21	0.000307345
ACCA	20	0.00029271
CGCC	20	0.00029271
GCAGG	20	0.00029271
AAAT	19	0.000278074
AACA	19	0.000278074
AGGTC	19	0.000278074
ATCTAC	19	0.000278074
CCAT	19	0.000278074
CCCGAT	19	0.000278074
CCTCGTG	19	0.000278074
CGGGC	19	0.000278074
GCACC	19	0.000278074
TCA	19	0.000278074
TCTA	19	0.000278074
AGGAC	18	0.000263439
CAGGC	18	0.000263439
AATG	17	0.000248803
ATGT	17	0.000248803
CTA	17	0.000248803
CTTC	17	0.000248803
GAAAAT	17	0.000248803
TGAA	17	0.000248803
AACAGTG	16	0.000234168
ACGCA	16	0.000234168
ATTT	16	0.000234168
GATG	16	0.000234168
GGTA	16	0.000234168
TACC	16	0.000234168
TTTC	16	0.000234168
AGGCG	15	0.000219532
ATCA	15	0.000219532
CAAA	15	0.000219532
CGGATC	15	0.000219532
GACC	15	0.000219532
GC	15	0.000219532
GCGGC	15	0.000219532
GTCG	15	0.000219532
GTGA	15	0.000219532
TCTACT	15	0.000219532
TGGCG	15	0.000219532
TGTACT	15	0.000219532
AAC	14	0.000204897
AGACA	14	0.000204897
AGAG	14	0.000204897
ATCT	14	0.000204897
CCCTCG	14	0.000204897
CTTG	14	0.000204897
GGGCA	14	0.000204897
GTGTTC	14	0.000204897
TAGCTC	14	0.000204897
TCAC	14	0.000204897
TCAGTG	14	0.000204897
TTCT	14	0.000204897
AATTAT	13	0.000190261
AGGTT	13	0.000190261
ATAT	13	0.000190261
CTCC	13	0.000190261
CTGG	13	0.000190261
GAAT	13	0.000190261
GTAGTA	13	0.000190261
GTGC	13	0.000190261
TATG	13	0.000190261
TCAG	13	0.000190261
AGAGC	12	0.000175626
CCACCG	12	0.000175626
CCATAC	12	0.000175626
CCC	12	0.000175626
CGAA	12	0.000175626
TAAT	12	0.000175626
AAGG	11	0.00016099
AATC	11	0.00016099
ACAT	11	0.00016099
ACCATT	11	0.00016099
ACGA	11	0.00016099
CATG	11	0.00016099
CGTG	11	0.00016099
CGTGAA	11	0.00016099
CTACCC	11	0.00016099
CTGA	11	0.00016099
CTGAAG	11	0.00016099
CTGT	11	0.00016099
GAAAAG	11	0.00016099
GGCAG	11	0.00016099
GTAA	11	0.00016099
GTGGAT	11	0.00016099
TAAA	11	0.00016099
TACCTT	11	0.00016099
TAGG	11	0.00016099
TCCACTG	11	0.00016099
TTTTTC	11	0.00016099
ACCGATGAT	10	0.000146355
ACTAATA	10	0.000146355
AGGAG	10	0.000146355
CACGCTTGG	10	0.000146355
CTCG	10	0.000146355
CTGCCT	10	0.000146355
GACA	10	0.000146355
GATA	10	0.000146355
GGAA	10	0.000146355
GTAAAA	10	0.000146355
GTCC	10	0.000146355
TATCCTGAT	10	0.000146355
TCTT	10	0.000146355
TGCA	10	0.000146355
TTAG	10	0.000146355
TTTTTT	10	0.000146355
AAGT	9	0.000131719
AATTTA	9	0.000131719
ACTT	9	0.000131719
ACTTCTGA	9	0.000131719
AGTA	9	0.000131719
ATAATT	9	0.000131719
ATTG	9	0.000131719
CAGATT	9	0.000131719
CCCCGT	9	0.000131719
CGAC	9	0.000131719
CGGCT	9	0.000131719
CTC	9	0.000131719
CTTGCG	9	0.000131719
GAAC	9	0.000131719
GATTGC	9	0.000131719
GCTA	9	0.000131719
GGCGC	9	0.000131719
GGTAAT	9	0.000131719
GTAATG	9	0.000131719
GTAG	9	0.000131719
GTCTCA	9	0.000131719
TACT	9	0.000131719
TACTAA	9	0.000131719
TTAC	9	0.000131719
ACCG	8	0.000117084
ATGA	8	0.000117084
ATGC	8	0.000117084
CACGAC	8	0.000117084
CCAG	8	0.000117084
CCTTCT	8	0.000117084
CGTT	8	0.000117084
CTCTAT	8	0.000117084
CTTAGG	8	0.000117084
CTTCCTGAT	8	0.000117084
CTTT	8	0.000117084
GAACCG	8	0.000117084
GCTT	8	0.000117084
GGAC	8	0.000117084
GGTGAT	8	0.000117084
GTCT	8	0.000117084
GTGCGG	8	0.000117084
GTTT	8	0.000117084
TCCA	8	0.000117084
TCCCTTG	8	0.000117084
TGATGGC	8	0.000117084
AACT	7	0.000102448
ACCTTC	7	0.000102448
ACTCTC	7	0.000102448
AGTTGA	7	0.000102448
ATAG	7	0.000102448
ATGCCG	7	0.000102448
CAACCA	7	0.000102448
CAT	7	0.000102448
CCCCGG	7	0.000102448
CCTCCTG	7	0.000102448
CCTTTA	7	0.000102448
CTCTTG	7	0.000102448
GCGGGT	7	0.000102448
GTAC	7	0.000102448
GTG	7	0.000102448
TAA	7	0.000102448
TACATA	7	0.000102448
TATT	7	0.000102448
TCAT	7	0.000102448
TCGT	7	0.000102448
TGCGCC	7	0.000102448
TTCCCT	7	0.000102448
TTGG	7	0.000102448
AAAC	6	8.7813e-05
AAATATGATG	6	8.7813e-05
ACGGAT	6	8.7813e-05
ACGT	6	8.7813e-05
AGGCC	6	8.7813e-05
ATAGAA	6	8.7813e-05
CACC	6	8.7813e-05
CATAAA	6	8.7813e-05
CCCGGT	6	8.7813e-05
CCTGTT	6	8.7813e-05
CTCAAC	6	8.7813e-05
CTGTCG	6	8.7813e-05
CTT	6	8.7813e-05
CTTATA	6	8.7813e-05
GAAACG	6	8.7813e-05
GATCAG	6	8.7813e-05
GGGA	6	8.7813e-05
GGGG	6	8.7813e-05
GGGGGG	6	8.7813e-05
GGTCAA	6	8.7813e-05
GTTGAA	6	8.7813e-05
TAAC	6	8.7813e-05
TATCGTGA	6	8.7813e-05
TGGT	6	8.7813e-05
TTACAT	6	8.7813e-05
TTCG	6	8.7813e-05
AACATT	5	7.31775e-05
ACAG	5	7.31775e-05
ACC	5	7.31775e-05
CAGA	5	7.31775e-05
CAGG	5	7.31775e-05
CATC	5	7.31775e-05
CCCAGT	5	7.31775e-05
CCCTATGAT	5	7.31775e-05
CGCGAA	5	7.31775e-05
CGGCG	5	7.31775e-05
CTAAGTGAT	5	7.31775e-05
GAAG	5	7.31775e-05
GACGAG	5	7.31775e-05
GACGGA	5	7.31775e-05
GCTCAT	5	7.31775e-05
GGTG	5	7.31775e-05
GTACAA	5	7.31775e-05
GTATAT	5	7.31775e-05
GTGACA	5	7.31775e-05
TAATTC	5	7.31775e-05
TACG	5	7.31775e-05
TAG	5	7.31775e-05
TAGA	5	7.31775e-05
TATTAT	5	7.31775e-05
TCC	5	7.31775e-05
TCCT	5	7.31775e-05
TCCTCT	5	7.31775e-05
TCTCAT	5	7.31775e-05
TGAG	5	7.31775e-05
TGAT	5	7.31775e-05
TGTTCT	5	7.31775e-05
TTA	5	7.31775e-05
TTCCAA	5	7.31775e-05
TTGA	5	7.31775e-05
TTT	5	7.31775e-05
TTTA	5	7.31775e-05
TTTGTT	5	7.31775e-05
AAGA	4	5.8542e-05
ACAC	4	5.8542e-05
ACCTAT	4	5.8542e-05
AGCGC	4	5.8542e-05
CAAG	4	5.8542e-05
CACTTC	4	5.8542e-05
CCAGAT	4	5.8542e-05
CCATCA	4	5.8542e-05
CCGG	4	5.8542e-05
CCGT	4	5.8542e-05
CCTCTA	4	5.8542e-05
CCTCTT	4	5.8542e-05
CGATCG	4	5.8542e-05
CTAATTGAT	4	5.8542e-05
CTAGCA	4	5.8542e-05
CTTGGG	4	5.8542e-05
GAAGAG	4	5.8542e-05
GAGG	4	5.8542e-05
GATT	4	5.8542e-05
TAAG	4	5.8542e-05
TACACG	4	5.8542e-05
TAGC	4	5.8542e-05
TATAAA	4	5.8542e-05
TCCAATGA	4	5.8542e-05
TCTGAA	4	5.8542e-05
TGTG	4	5.8542e-05
TTCA	4	5.8542e-05
TTGC	4	5.8542e-05
AACC	3	4.39065e-05
ACCCCT	3	4.39065e-05
ACTTTC	3	4.39065e-05
AGGGC	3	4.39065e-05
ATATTT	3	4.39065e-05
ATCC	3	4.39065e-05
ATCG	3	4.39065e-05
ATTAATGA	3	4.39065e-05
ATTC	3	4.39065e-05
CCACTA	3	4.39065e-05
CCAGGA	3	4.39065e-05
CCCAAC	3	4.39065e-05
CCCCCA	3	4.39065e-05
CCCCCC	3	4.39065e-05
CCG	3	4.39065e-05
CCTACT	3	4.39065e-05
CGGCA	3	4.39065e-05
CGTA	3	4.39065e-05
CTCAATG	3	4.39065e-05
CTTCCC	3	4.39065e-05
GAAATA	3	4.39065e-05
GGAT	3	4.39065e-05
GGGGTT	3	4.39065e-05
GGTT	3	4.39065e-05
GTTG	3	4.39065e-05
TAGTTC	3	4.39065e-05
TATCTC	3	4.39065e-05
TCGG	3	4.39065e-05
TCTC	3	4.39065e-05
TGGA	3	4.39065e-05
TGTA	3	4.39065e-05
TTAT	3	4.39065e-05
AACG	2	2.9271e-05
AAG	2	2.9271e-05
AAT	2	2.9271e-05
ACCC	2	2.9271e-05
ACTCCTG	2	2.9271e-05
AGAC	2	2.9271e-05
AGTC	2	2.9271e-05
ATAAAG	2	2.9271e-05
CAACAC	2	2.9271e-05
CACTGA	2	2.9271e-05
CAGT	2	2.9271e-05
CCACCC	2	2.9271e-05
CCCCTA	2	2.9271e-05
CCT	2	2.9271e-05
CCTTGTG	2	2.9271e-05
CGAT	2	2.9271e-05
CTATCT	2	2.9271e-05
CTGACT	2	2.9271e-05
CTGC	2	2.9271e-05
CTTGAC	2	2.9271e-05
GACG	2	2.9271e-05
GATC	2	2.9271e-05
GCCG	2	2.9271e-05
GGA	2	2.9271e-05
GGCC	2	2.9271e-05
GGGGTA	2	2.9271e-05
GGGTGG	2	2.9271e-05
GTAGAT	2	2.9271e-05
GTAT	2	2.9271e-05
GTCCGG	2	2.9271e-05
TATC	2	2.9271e-05
TCCTTTGATT	2	2.9271e-05
TCGA	2	2.9271e-05
TCTATG	2	2.9271e-05
TGCC	2	2.9271e-05
TGCT	2	2.9271e-05
TGGG	2	2.9271e-05
TTGTCA	2	2.9271e-05
TTTG	2	2.9271e-05
AAAAAA	1	1.46355e-05
AAAAAC	1	1.46355e-05
AAAAAG	1	1.46355e-05
AAAAAT	1	1.46355e-05
AAAATT	1	1.46355e-05
AAAG	1	1.46355e-05
AACCCC	1	1.46355e-05
AACCCG	1	1.46355e-05
AACTTT	1	1.46355e-05
AAGC	1	1.46355e-05
AAGCCG	1	1.46355e-05
AATTGT	1	1.46355e-05
ACCGAGGAT	1	1.46355e-05
ACGC	1	1.46355e-05
ACGG	1	1.46355e-05
ACTC	1	1.46355e-05
AGAA	1	1.46355e-05
AGAAAA	1	1.46355e-05
AGAATC	1	1.46355e-05
AGATGGCAGA	1	1.46355e-05
AGCA	1	1.46355e-05
AGCTCC	1	1.46355e-05
AGGCT	1	1.46355e-05
AGTG	1	1.46355e-05
ATCCCT	1	1.46355e-05
ATGACA	1	1.46355e-05
ATGG	1	1.46355e-05
ATGTGTGAT	1	1.46355e-05
ATTGCT	1	1.46355e-05
ATTTTA	1	1.46355e-05
CACCACG	1	1.46355e-05
CATGCG	1	1.46355e-05
CATTTT	1	1.46355e-05
CCAAAA	1	1.46355e-05
CCATCT	1	1.46355e-05
CCCACC	1	1.46355e-05
CCCACG	1	1.46355e-05
CCCAGA	1	1.46355e-05
CCCAGC	1	1.46355e-05
CCCCAC	1	1.46355e-05
CCCCGC	1	1.46355e-05
CCCCTG	1	1.46355e-05
CCTATT	1	1.46355e-05
CCTGAT	1	1.46355e-05
CGAGAA	1	1.46355e-05
CGG	1	1.46355e-05
CGGG	1	1.46355e-05
CGGGGG	1	1.46355e-05
CGTC	1	1.46355e-05
CTATAAGAT	1	1.46355e-05
CTCCCT	1	1.46355e-05
CTTCCCGAT	1	1.46355e-05
CTTTAT	1	1.46355e-05
GAAAAA	1	1.46355e-05
GAAAAC	1	1.46355e-05
GAAACC	1	1.46355e-05
GAAAGA	1	1.46355e-05
GAAGAT	1	1.46355e-05
GAC	1	1.46355e-05
GACCGT	1	1.46355e-05
GACTGA	1	1.46355e-05
GAG	1	1.46355e-05
GAGA	1	1.46355e-05
GAGC	1	1.46355e-05
GAGCGG	1	1.46355e-05
GATGATCA	1	1.46355e-05
GCAA	1	1.46355e-05
GCAC	1	1.46355e-05
GCAGC	1	1.46355e-05
GCAGTA	1	1.46355e-05
GCAT	1	1.46355e-05
GCCATT	1	1.46355e-05
GCCC	1	1.46355e-05
GCGC	1	1.46355e-05
GGAAAC	1	1.46355e-05
GGAACG	1	1.46355e-05
GGAG	1	1.46355e-05
GGAGAG	1	1.46355e-05
GGATTGG	1	1.46355e-05
GGCA	1	1.46355e-05
GGG	1	1.46355e-05
GGGC	1	1.46355e-05
GGGGAC	1	1.46355e-05
GGGGGC	1	1.46355e-05
GGGGGT	1	1.46355e-05
GGGT	1	1.46355e-05
GGGTAA	1	1.46355e-05
GGGTTA	1	1.46355e-05
GGTACG	1	1.46355e-05
GGTAGG	1	1.46355e-05
GTATTT	1	1.46355e-05
GTGAAT	1	1.46355e-05
GTGATC	1	1.46355e-05
GTGG	1	1.46355e-05
GTGGTA	1	1.46355e-05
GTGTGTG	1	1.46355e-05
GTTC	1	1.46355e-05
GTTTTT	1	1.46355e-05
TAATATGATG	1	1.46355e-05
TAGATA	1	1.46355e-05
TAGATC	1	1.46355e-05
TAT	1	1.46355e-05
TATAAT	1	1.46355e-05
TATAATGAT	1	1.46355e-05
TCGGGG	1	1.46355e-05
TGA	1	1.46355e-05
TGAGTG	1	1.46355e-05
TGATGAC	1	1.46355e-05
TGATGGA	1	1.46355e-05
TGCG	1	1.46355e-05
TGTACG	1	1.46355e-05
TGTC	1	1.46355e-05
TTC	1	1.46355e-05
TTCAAT	1	1.46355e-05
TTCCAG	1	1.46355e-05
TTCCCA	1	1.46355e-05
TTCCTT	1	1.46355e-05
TTCGTT	1	1.46355e-05
TTG	1	1.46355e-05
TTGAAG	1	1.46355e-05
TTGT	1	1.46355e-05
TTTCCC	1	1.46355e-05
