	636293	97.7287
CCACG	142	0.0218099
CCTCC	118	0.0181237
CCACT	116	0.0178165
CTCGC	111	0.0170486
CTACC	100	0.0153591
CCCAC	97	0.0148983
CCACC	91	0.0139768
TTCAC	91	0.0139768
ACCAA	88	0.013516
CCCTC	86	0.0132088
CCATC	84	0.0129016
CCTTC	83	0.012748
TCTCC	83	0.012748
CCCCT	82	0.0125944
CCGAG	82	0.0125944
CGTTC	81	0.0124408
CCCAG	80	0.0122873
CCCTT	79	0.0121337
CACAC	78	0.0119801
CCATT	77	0.0118265
CCCCG	74	0.0113657
CCCAT	73	0.0112121
TTCCG	73	0.0112121
CTAAG	72	0.0110585
CAAAC	69	0.0105978
TACCG	69	0.0105978
GTTAG	68	0.0104442
CACCG	67	0.0102906
CACTT	67	0.0102906
AAAAA	63	0.00967622
TACCC	63	0.00967622
CATTC	62	0.00952262
CTTTG	62	0.00952262
GTGAC	62	0.00952262
TACGG	62	0.00952262
TTAGG	62	0.00952262
CACCA	61	0.00936903
TCGCG	61	0.00936903
ACCTT	60	0.00921544
ACTAG	60	0.00921544
TCCTT	60	0.00921544
TCGCC	60	0.00921544
AAAAC	58	0.00890826
ACTTT	57	0.00875467
TCCTA	57	0.00875467
TGCCG	57	0.00875467
ACCAG	56	0.00860108
CTCAA	56	0.00860108
CTCAC	56	0.00860108
TCTAC	56	0.00860108
AACGG	55	0.00844749
CTCGG	55	0.00844749
TATAC	55	0.00844749
CTTAC	54	0.0082939
TACCT	54	0.0082939
GACGA	53	0.00814031
TCATC	53	0.00814031
TTGCC	53	0.00814031
CTTCT	52	0.00798672
TCCAC	52	0.00798672
CCTCG	51	0.00783313
ATACC	50	0.00767954
CCTAC	50	0.00767954
TCATA	50	0.00767954
TCCCC	50	0.00767954
CCTGG	49	0.00752595
TACAC	49	0.00752595
TCTGC	49	0.00752595
AACCC	48	0.00737235
TAGCC	48	0.00737235
CACTC	47	0.00721876
CCATA	47	0.00721876
TCCCA	47	0.00721876
AATTC	46	0.00706517
GACCC	46	0.00706517
TGCTT	46	0.00706517
AATCT	45	0.00691158
ACACC	45	0.00691158
CCCCA	45	0.00691158
CTCCA	45	0.00691158
CTCTT	45	0.00691158
CTTTA	45	0.00691158
TCGAG	45	0.00691158
AACCG	44	0.00675799
ATAAC	44	0.00675799
CCAAG	44	0.00675799
TCTAA	44	0.00675799
CCCAA	43	0.0066044
CTCTA	43	0.0066044
ACCTC	42	0.00645081
ATCAC	42	0.00645081
CACAT	42	0.00645081
CTACT	42	0.00645081
CTCAT	42	0.00645081
GTACC	42	0.00645081
ACTGG	41	0.00629722
CCACA	41	0.00629722
CCCCC	41	0.00629722
GAGTG	41	0.00629722
GGAAC	41	0.00629722
AATCC	40	0.00614363
ACCAT	40	0.00614363
ATTAT	40	0.00614363
CGTTA	40	0.00614363
CTAGG	40	0.00614363
CTGAC	40	0.00614363
GTCGG	40	0.00614363
TGTTT	40	0.00614363
TTACG	40	0.00614363
ACACT	39	0.00599004
CCTAG	39	0.00599004
CTTCA	39	0.00599004
GCCAC	39	0.00599004
TCAAA	39	0.00599004
CCTGA	38	0.00583645
CTTCG	38	0.00583645
CTTTC	38	0.00583645
GACTC	38	0.00583645
TCTTG	38	0.00583645
TTACA	38	0.00583645
CATCC	37	0.00568286
CATTT	37	0.00568286
CTGCC	37	0.00568286
TTTTC	37	0.00568286
ACCGA	36	0.00552927
CCGAT	36	0.00552927
CCGGG	36	0.00552927
GCTCA	36	0.00552927
TATAG	36	0.00552927
TCGCT	36	0.00552927
TTACC	36	0.00552927
ACATT	35	0.00537568
CGCTC	35	0.00537568
GATGC	35	0.00537568
TCTCG	35	0.00537568
TGAAC	35	0.00537568
TGTAG	35	0.00537568
TTTCC	35	0.00537568
CCTTG	34	0.00522208
GATAG	34	0.00522208
GTTGG	34	0.00522208
TCAAG	34	0.00522208
ACTCC	33	0.00506849
ACTTC	33	0.00506849
CATGA	33	0.00506849
CATTA	33	0.00506849
CCGAC	33	0.00506849
TCTTA	33	0.00506849
TGCGT	33	0.00506849
ACCGG	32	0.0049149
ATCTG	32	0.0049149
CGATG	32	0.0049149
GAAAG	32	0.0049149
GTTTA	32	0.0049149
TAGTG	32	0.0049149
TCACG	32	0.0049149
TCCAA	32	0.0049149
TTAAG	32	0.0049149
TTCTC	32	0.0049149
AAAAG	31	0.00476131
AACAC	31	0.00476131
CATAA	31	0.00476131
CCCGG	31	0.00476131
CCTTT	31	0.00476131
GAAAC	31	0.00476131
GTTGT	31	0.00476131
TTAAC	31	0.00476131
TTGAA	31	0.00476131
TTGAT	31	0.00476131
ACCAC	30	0.00460772
ATGAC	30	0.00460772
CCAGT	30	0.00460772
CCATG	30	0.00460772
CGACC	30	0.00460772
CTAAC	30	0.00460772
CTAGC	30	0.00460772
GATCC	30	0.00460772
TCAGG	30	0.00460772
TCGTT	30	0.00460772
CTGCG	29	0.00445413
TATGA	29	0.00445413
TCAAC	29	0.00445413
TCAAT	29	0.00445413
TTCCC	29	0.00445413
ACCTA	28	0.00430054
CACCC	28	0.00430054
CCAAC	28	0.00430054
CCGGT	28	0.00430054
GACTG	28	0.00430054
GGGAA	28	0.00430054
TAAAC	28	0.00430054
TGTAT	28	0.00430054
TGTTC	28	0.00430054
TTCTT	28	0.00430054
TTTGA	28	0.00430054
ACTAC	27	0.00414695
GGTAC	27	0.00414695
TATAT	27	0.00414695
AACTT	26	0.00399336
ACCCC	26	0.00399336
ACTGA	26	0.00399336
CACAG	26	0.00399336
CCAAT	26	0.00399336
CCGTA	26	0.00399336
CTTGC	26	0.00399336
GAACC	26	0.00399336
TACAA	26	0.00399336
TACCA	26	0.00399336
TACTC	26	0.00399336
TCCGA	26	0.00399336
TCGGG	26	0.00399336
TCTCA	26	0.00399336
TGCTC	26	0.00399336
ATCAG	25	0.00383977
CCTGT	25	0.00383977
CGAAG	25	0.00383977
CGCTT	25	0.00383977
CGTAC	25	0.00383977
CTGCT	25	0.00383977
GATAC	25	0.00383977
GTTAC	25	0.00383977
TGCCC	25	0.00383977
TTAGC	25	0.00383977
TTCGC	25	0.00383977
AAAGG	24	0.00368618
AAATC	24	0.00368618
AACTG	24	0.00368618
ACAAT	24	0.00368618
ATATT	24	0.00368618
ATCAT	24	0.00368618
ATCTC	24	0.00368618
ATGTA	24	0.00368618
CAAAG	24	0.00368618
CATGC	24	0.00368618
CCCTA	24	0.00368618
CCTCT	24	0.00368618
CCTTA	24	0.00368618
CTACG	24	0.00368618
GAGAC	24	0.00368618
GTAAC	24	0.00368618
GTGTC	24	0.00368618
TGCGC	24	0.00368618
TTTAT	24	0.00368618
AAGCC	23	0.00353259
CAACT	23	0.00353259
CAAGT	23	0.00353259
CCCGA	23	0.00353259
CCTAA	23	0.00353259
CGATT	23	0.00353259
GTATC	23	0.00353259
TAACC	23	0.00353259
TGAAT	23	0.00353259
TTAAA	23	0.00353259
AAACA	22	0.003379
CAACG	22	0.003379
CCAAA	22	0.003379
CGCGG	22	0.003379
GACAC	22	0.003379
GTCTT	22	0.003379
TAAGC	22	0.003379
TATCG	22	0.003379
TTGCT	22	0.003379
AATAG	21	0.00322541
AATTG	21	0.00322541
ACATG	21	0.00322541
CATAC	21	0.00322541
CATGG	21	0.00322541
CCAGG	21	0.00322541
CCTAT	21	0.00322541
CTCCC	21	0.00322541
CTCTC	21	0.00322541
CTCTG	21	0.00322541
GAATA	21	0.00322541
GAATG	21	0.00322541
GTAGG	21	0.00322541
TATCC	21	0.00322541
TCCCG	21	0.00322541
TCCCT	21	0.00322541
ATCGT	20	0.00307181
ATCTT	20	0.00307181
CAAGA	20	0.00307181
CGCAA	20	0.00307181
CGCAT	20	0.00307181
CTCAG	20	0.00307181
GACTT	20	0.00307181
TACGC	20	0.00307181
TCTAT	20	0.00307181
AACAG	19	0.00291822
ATTTT	19	0.00291822
CAATA	19	0.00291822
CACGG	19	0.00291822
CATAG	19	0.00291822
CTCCG	19	0.00291822
CTTCC	19	0.00291822
GGTAG	19	0.00291822
TACGT	19	0.00291822
TATGC	19	0.00291822
TCCTC	19	0.00291822
TGAAG	19	0.00291822
TGTTA	19	0.00291822
TTTCA	19	0.00291822
AAATA	18	0.00276463
CCCGT	18	0.00276463
CTACA	18	0.00276463
CTGTG	18	0.00276463
GATAT	18	0.00276463
GCGCC	18	0.00276463
TCACC	18	0.00276463
TCCAG	18	0.00276463
AAGTA	17	0.00261104
ACTAT	17	0.00261104
ATACT	17	0.00261104
ATTCC	17	0.00261104
CACCT	17	0.00261104
CATCG	17	0.00261104
CCGTC	17	0.00261104
CGATC	17	0.00261104
CGGAC	17	0.00261104
CGTGG	17	0.00261104
CTAGA	17	0.00261104
CTGGT	17	0.00261104
GACAT	17	0.00261104
GAGAG	17	0.00261104
GAGGA	17	0.00261104
GCCTG	17	0.00261104
GGGAG	17	0.00261104
GTACG	17	0.00261104
GTAGC	17	0.00261104
GTCAA	17	0.00261104
TACAG	17	0.00261104
TCGTA	17	0.00261104
TGGAA	17	0.00261104
AACAA	16	0.00245745
CCGTG	16	0.00245745
CGGTT	16	0.00245745
CTCGT	16	0.00245745
CTGTT	16	0.00245745
CTTAT	16	0.00245745
GACCA	16	0.00245745
GAGGG	16	0.00245745
GCTAG	16	0.00245745
GGGTG	16	0.00245745
GTTTT	16	0.00245745
TAACG	16	0.00245745
TGACA	16	0.00245745
TTTAA	16	0.00245745
TTTGC	16	0.00245745
ACGTC	15	0.00230386
ACTTA	15	0.00230386
ATGGG	15	0.00230386
CAACA	15	0.00230386
CCGCT	15	0.00230386
CCGTT	15	0.00230386
CGGGA	15	0.00230386
CGTGC	15	0.00230386
CTGAG	15	0.00230386
CTTGA	15	0.00230386
GTCAC	15	0.00230386
GTCCA	15	0.00230386
GTCCC	15	0.00230386
GTGAG	15	0.00230386
TCACT	15	0.00230386
TCCGG	15	0.00230386
TCGAT	15	0.00230386
TGCTA	15	0.00230386
TTTCG	15	0.00230386
TTTTG	15	0.00230386
AATAA	14	0.00215027
AATTA	14	0.00215027
ACAAC	14	0.00215027
ACAGA	14	0.00215027
ATTAC	14	0.00215027
CAGTG	14	0.00215027
CGAAA	14	0.00215027
GGTCG	14	0.00215027
GTAAG	14	0.00215027
TACTT	14	0.00215027
TCCTG	14	0.00215027
TGTCG	14	0.00215027
TTATT	14	0.00215027
TTCAG	14	0.00215027
TTGTC	14	0.00215027
TTTAC	14	0.00215027
AAGAC	13	0.00199668
ACAAA	13	0.00199668
ACGAT	13	0.00199668
ACTAA	13	0.00199668
ATATG	13	0.00199668
ATTTG	13	0.00199668
CGGGT	13	0.00199668
CGTCC	13	0.00199668
CTATA	13	0.00199668
GATCT	13	0.00199668
GTATT	13	0.00199668
GTTCC	13	0.00199668
GTTGA	13	0.00199668
TAGAG	13	0.00199668
TCTAG	13	0.00199668
TGTCT	13	0.00199668
TTATG	13	0.00199668
AAACC	12	0.00184309
CGTAG	12	0.00184309
CTTAG	12	0.00184309
GACTA	12	0.00184309
GATTA	12	0.00184309
GCCCA	12	0.00184309
GCCGG	12	0.00184309
GCGCG	12	0.00184309
GCGTC	12	0.00184309
GCTAT	12	0.00184309
GGAGT	12	0.00184309
GGTTG	12	0.00184309
GTCAT	12	0.00184309
GTGAA	12	0.00184309
GTTAA	12	0.00184309
TAGAC	12	0.00184309
TCTCT	12	0.00184309
TCTTC	12	0.00184309
TCTTT	12	0.00184309
TGTGA	12	0.00184309
TTCAT	12	0.00184309
TTCGA	12	0.00184309
TTCGG	12	0.00184309
AACTC	11	0.0016895
AAGGA	11	0.0016895
ATGAG	11	0.0016895
CGTTT	11	0.0016895
CTAGT	11	0.0016895
CTGGG	11	0.0016895
GAACG	11	0.0016895
GAATC	11	0.0016895
GACAA	11	0.0016895
GCTCT	11	0.0016895
GGCGG	11	0.0016895
GGTAA	11	0.0016895
TAATA	11	0.0016895
TAGGT	11	0.0016895
TCATG	11	0.0016895
TCGAA	11	0.0016895
TGGAG	11	0.0016895
TTCGT	11	0.0016895
TTTTT	11	0.0016895
ACAAG	10	0.00153591
ACCCA	10	0.00153591
ACCTG	10	0.00153591
ACTCT	10	0.00153591
AGTAA	10	0.00153591
CAAAA	10	0.00153591
CATGT	10	0.00153591
CGAGT	10	0.00153591
CTATG	10	0.00153591
GATCA	10	0.00153591
GCGTT	10	0.00153591
GCTTA	10	0.00153591
GGACC	10	0.00153591
GTCTA	10	0.00153591
TAATG	10	0.00153591
TGAAA	10	0.00153591
TGTAA	10	0.00153591
TGTGC	10	0.00153591
TTACT	10	0.00153591
TTTCT	10	0.00153591
AAATG	9	0.00138232
ACACA	9	0.00138232
ATCCT	9	0.00138232
ATTTC	9	0.00138232
CAAAT	9	0.00138232
CATTG	9	0.00138232
CCGCC	9	0.00138232
CGTTG	9	0.00138232
CTAAA	9	0.00138232
GACAG	9	0.00138232
GCCAT	9	0.00138232
GGACT	9	0.00138232
GGGGT	9	0.00138232
GTGCC	9	0.00138232
GTTCA	9	0.00138232
TAACA	9	0.00138232
TCAGT	9	0.00138232
TGGGT	9	0.00138232
TTCAA	9	0.00138232
AAAGC	8	0.00122873
AAGGG	8	0.00122873
ACGAC	8	0.00122873
CAATC	8	0.00122873
CACTA	8	0.00122873
CGCCC	8	0.00122873
CGCGA	8	0.00122873
CGCTA	8	0.00122873
CTGAT	8	0.00122873
GAAAT	8	0.00122873
GAGCT	8	0.00122873
GCCTT	8	0.00122873
GGTAT	8	0.00122873
GTGCT	8	0.00122873
TAAGG	8	0.00122873
TCAGA	8	0.00122873
TCCGC	8	0.00122873
TTGCG	8	0.00122873
AAAGT	7	0.00107514
AAGGC	7	0.00107514
AGAAA	7	0.00107514
AGCTT	7	0.00107514
AGTGT	7	0.00107514
ATACG	7	0.00107514
ATCAA	7	0.00107514
ATCGA	7	0.00107514
ATCTA	7	0.00107514
CGCCG	7	0.00107514
CGCGT	7	0.00107514
CTATC	7	0.00107514
GATCG	7	0.00107514
GCCAA	7	0.00107514
GCCCG	7	0.00107514
GGATA	7	0.00107514
GGTGG	7	0.00107514
GGTTC	7	0.00107514
GTAAT	7	0.00107514
GTATA	7	0.00107514
GTTCT	7	0.00107514
GTTGC	7	0.00107514
TAACT	7	0.00107514
TAAGA	7	0.00107514
TACTG	7	0.00107514
TCTGT	7	0.00107514
TGTAC	7	0.00107514
TTGTA	7	0.00107514
TTGTG	7	0.00107514
AAAAT	6	0.000921544
AATGA	6	0.000921544
ACGTA	6	0.000921544
ATAAG	6	0.000921544
ATCCC	6	0.000921544
ATCGC	6	0.000921544
GATTG	6	0.000921544
GTATG	6	0.000921544
GTCTC	6	0.000921544
GTTCG	6	0.000921544
TA	6	0.000921544
TAGCG	6	0.000921544
TCAC	6	0.000921544
TGTCC	6	0.000921544
TTCCA	6	0.000921544
TTGGT	6	0.000921544
AAATT	5	0.000767954
AACGA	5	0.000767954
AAGTC	5	0.000767954
ACATC	5	0.000767954
CAGTC	5	0.000767954
CATCT	5	0.000767954
CCGCG	5	0.000767954
CGGAG	5	0.000767954
CGTAT	5	0.000767954
CTTAA	5	0.000767954
GACCT	5	0.000767954
GAGAA	5	0.000767954
GAGGT	5	0.000767954
TGACC	5	0.000767954
TGCAT	5	0.000767954
TGCCA	5	0.000767954
AATCA	4	0.000614363
ACTGT	4	0.000614363
ATATC	4	0.000614363
CAAGG	4	0.000614363
CACAA	4	0.000614363
CAGGT	4	0.000614363
GAAAA	4	0.000614363
GAACT	4	0.000614363
GCTCC	4	0.000614363
GGGTA	4	0.000614363
TAATC	4	0.000614363
TACGA	4	0.000614363
TATTG	4	0.000614363
TCGTC	4	0.000614363
TGATA	4	0.000614363
TGCAA	4	0.000614363
AATGC	3	0.000460772
ACGGG	3	0.000460772
ATAGC	3	0.000460772
CACGT	3	0.000460772
CATAT	3	0.000460772
CC	3	0.000460772
CCTGC	3	0.000460772
CGAGA	3	0.000460772
CGGAA	3	0.000460772
CGTCT	3	0.000460772
CTCCT	3	0.000460772
GAGCG	3	0.000460772
GATGA	3	0.000460772
GATTC	3	0.000460772
GTGGA	3	0.000460772
GTGTG	3	0.000460772
GTTTC	3	0.000460772
T	3	0.000460772
TCACA	3	0.000460772
TCATT	3	0.000460772
TCCGT	3	0.000460772
TCGGA	3	0.000460772
TCGGT	3	0.000460772
TGCGG	3	0.000460772
TTTT	3	0.000460772
AATTT	2	0.000307181
ACAGG	2	0.000307181
AGCGG	2	0.000307181
ATAAT	2	0.000307181
ATCCG	2	0.000307181
ATGAA	2	0.000307181
CAAGC	2	0.000307181
CGAAC	2	0.000307181
CGAAT	2	0.000307181
CTTTT	2	0.000307181
GATG	2	0.000307181
GATTT	2	0.000307181
GCCGA	2	0.000307181
GCCTC	2	0.000307181
GGATC	2	0.000307181
GTGTA	2	0.000307181
GTGTT	2	0.000307181
TATC	2	0.000307181
TCGAC	2	0.000307181
TGAGA	2	0.000307181
TGATC	2	0.000307181
TGCGA	2	0.000307181
TTAAT	2	0.000307181
AAACG	1	0.000153591
ACCC	1	0.000153591
ACGAG	1	0.000153591
ACTGC	1	0.000153591
AGAAG	1	0.000153591
AGATC	1	0.000153591
AGCAA	1	0.000153591
AGTAT	1	0.000153591
AGTG	1	0.000153591
AGTTC	1	0.000153591
ATGGC	1	0.000153591
ATGTC	1	0.000153591
ATTCG	1	0.000153591
ATTGA	1	0.000153591
CAACC	1	0.000153591
CACGC	1	0.000153591
CAGAG	1	0.000153591
CAGCG	1	0.000153591
CCCTG	1	0.000153591
CCGGC	1	0.000153591
CGCAG	1	0.000153591
GATGG	1	0.000153591
GCCAG	1	0.000153591
GCTTC	1	0.000153591
GGAGC	1	0.000153591
GGATT	1	0.000153591
GGGTC	1	0.000153591
GGTCA	1	0.000153591
GTCTG	1	0.000153591
GTGGT	1	0.000153591
GTTTG	1	0.000153591
TACAT	1	0.000153591
TCGTG	1	0.000153591
TCTGG	1	0.000153591
TGATT	1	0.000153591
TGGCA	1	0.000153591
TGGCC	1	0.000153591
TTGAC	1	0.000153591
TTTAG	1	0.000153591
