	550761	99.7418
GCAAC	470	0.0851161
TCCTA	355	0.0642898
AATAA	268	0.0485343
AGAAG	262	0.0474477
CTTC	26	0.00470855
AGAAC	5	0.00090549
AGGAG	5	0.00090549
GCCAC	4	0.000724392
TCCTG	4	0.000724392
AGAGG	3	0.000543294
GCAGC	2	0.000362196
GCGAC	2	0.000362196
TCCAA	2	0.000362196
TCCCA	2	0.000362196
TCCGA	2	0.000362196
AACAA	1	0.000181098
AATAG	1	0.000181098
AATGA	1	0.000181098
ACTAA	1	0.000181098
AGTAA	1	0.000181098
AGTAG	1	0.000181098
GCAAT	1	0.000181098
GCATC	1	0.000181098
GCTAC	1	0.000181098
TACAA	1	0.000181098
TACTA	1	0.000181098
TCATA	1	0.000181098
TCCTT	1	0.000181098
TGAAG	1	0.000181098
