	1462113	98.0718
TCCTA	12101	0.811679
AGAAG	7949	0.533182
AATAA	6421	0.430691
GCAAC	1363	0.0914237
AGAAC	114	0.00764659
CTTC	66	0.00442698
CCCTA	65	0.0043599
GGAAG	47	0.00315254
TCCTG	45	0.00301839
TCCCA	44	0.00295132
AGAGG	40	0.00268302
AGGAG	40	0.00268302
AAG	38	0.00254886
GATAA	35	0.00234764
AATAG	26	0.00174396
TCCTT	21	0.00140858
TCATA	20	0.00134151
AACAA	18	0.00120736
ACCTA	17	0.00114028
AGTAA	17	0.00114028
TCCAA	17	0.00114028
AAAAG	14	0.000939055
AGAAA	13	0.00087198
AATAT	12	0.000804905
AATGA	12	0.000804905
AGTAG	11	0.000737829
TTCTA	11	0.000737829
GCGAC	10	0.000670754
TACTA	10	0.000670754
TCTTA	10	0.000670754
TGAAG	9	0.000603678
AGATG	8	0.000536603
TCCTC	8	0.000536603
AGAAT	7	0.000469528
TATAA	7	0.000469528
AAAAA	6	0.000402452
ATTAA	6	0.000402452
GCCAC	6	0.000402452
GCAGC	5	0.000335377
ACAAC	4	0.000268302
ATAA	4	0.000268302
CCAAC	4	0.000268302
CCCTT	4	0.000268302
GCACC	4	0.000268302
TCCGA	4	0.000268302
TGCTA	4	0.000268302
AAGTT	3	0.000201226
ACAAG	3	0.000201226
ACATA	3	0.000201226
AGCAG	3	0.000201226
GTAAC	3	0.000201226
AGAGC	2	0.000134151
GCATC	2	0.000134151
GCTAC	2	0.000134151
TA	2	0.000134151
TCTA	2	0.000134151
AAAAC	1	6.70754e-05
AACCC	1	6.70754e-05
AAGAA	1	6.70754e-05
AATA	1	6.70754e-05
AATAC	1	6.70754e-05
AATTA	1	6.70754e-05
ACCTC	1	6.70754e-05
AGTTA	1	6.70754e-05
ATAAG	1	6.70754e-05
ATCA	1	6.70754e-05
CATAA	1	6.70754e-05
CCAGC	1	6.70754e-05
CCATA	1	6.70754e-05
CTCTA	1	6.70754e-05
GAG	1	6.70754e-05
GATGA	1	6.70754e-05
GCAAA	1	6.70754e-05
GCAAT	1	6.70754e-05
GGAAC	1	6.70754e-05
TCA	1	6.70754e-05
TCAAC	1	6.70754e-05
TCACA	1	6.70754e-05
TCCAT	1	6.70754e-05
TCGTA	1	6.70754e-05
TGAGC	1	6.70754e-05
