	1872853	96.6428
GCAAC	29155	1.50445
AGAAG	15669	0.80855
TCCTA	12187	0.628872
AATAA	6171	0.318435
AGAAC	205	0.0105784
GCGAC	146	0.00753388
GCAGC	141	0.00727587
AAG	117	0.00603742
AGGAG	107	0.0055214
AGAGG	94	0.00485058
GGAAG	92	0.00474738
CCAAC	86	0.00443776
CCCTA	58	0.00299291
ACAAC	54	0.0027865
TCCTG	49	0.00252849
GCAAT	42	0.00216728
GTAAC	36	0.00185767
GCCAC	34	0.00175446
TCCCA	33	0.00170286
GCACC	30	0.00154806
TCCAA	29	0.00149646
AGTAA	28	0.00144485
TCATA	27	0.00139325
GCTAC	26	0.00134165
GCATC	24	0.00123845
AATAG	23	0.00118684
ACCTA	23	0.00118684
AATGA	20	0.00103204
GATAA	20	0.00103204
TGAAG	20	0.00103204
AGAAA	18	0.000928834
AAAAG	16	0.00082563
TCAAC	15	0.000774029
CTTC	13	0.000670825
TATAA	13	0.000670825
TTCTA	13	0.000670825
GCAAA	12	0.000619223
AGAAT	11	0.000567621
AACAA	10	0.000516019
AGATG	9	0.000464417
AGTAG	9	0.000464417
GAAAC	9	0.000464417
TACTA	9	0.000464417
TCCTT	9	0.000464417
AGCAG	8	0.000412815
GCAAG	8	0.000412815
AAAAA	7	0.000361213
TCCGA	7	0.000361213
TCCTC	7	0.000361213
TCTTA	7	0.000361213
AATAT	6	0.000309611
AGACG	6	0.000309611
ACAAG	5	0.00025801
GAAC	5	0.00025801
AATAC	4	0.000206408
GCAC	4	0.000206408
GGAAC	4	0.000206408
TCTA	4	0.000206408
AATCA	3	0.000154806
CATAA	3	0.000154806
CGAAG	3	0.000154806
TGCTA	3	0.000154806
AAGTT	2	0.000103204
AATA	2	0.000103204
ACTAA	2	0.000103204
AGAGC	2	0.000103204
ATAAG	2	0.000103204
ATCA	2	0.000103204
ATTAA	2	0.000103204
GAAG	2	0.000103204
GGGAG	2	0.000103204
TCAAA	2	0.000103204
TCATC	2	0.000103204
TCCAC	2	0.000103204
AAACG	1	5.16019e-05
AATTA	1	5.16019e-05
ACATA	1	5.16019e-05
ACCCC	1	5.16019e-05
AGAG	1	5.16019e-05
AGCGG	1	5.16019e-05
AGGGG	1	5.16019e-05
ATAAC	1	5.16019e-05
ATTAT	1	5.16019e-05
CATCA	1	5.16019e-05
CCAAT	1	5.16019e-05
CCACC	1	5.16019e-05
CCAGC	1	5.16019e-05
CCCT	1	5.16019e-05
CCGAC	1	5.16019e-05
GAAAA	1	5.16019e-05
GAGAC	1	5.16019e-05
GCCAA	1	5.16019e-05
GCCAG	1	5.16019e-05
GCGGC	1	5.16019e-05
GCGTC	1	5.16019e-05
GGACC	1	5.16019e-05
GGAGG	1	5.16019e-05
GGATG	1	5.16019e-05
GGCCC	1	5.16019e-05
GTATC	1	5.16019e-05
T	1	5.16019e-05
TAATA	1	5.16019e-05
TAGTA	1	5.16019e-05
TCCGC	1	5.16019e-05
